category	archive	image	decision	mergePath	note
A DISJOINT at child level	Item	Item.wz/Consume/0202.img	A-MERGE-BOTH	Item.wz/Consume/0202.img/02022002	
A DISJOINT at child level	Item	Item.wz/Consume/0202.img	A-MERGE-BOTH	Item.wz/Consume/0202.img/02022023	
A DISJOINT at child level	Item	Item.wz/Consume/0202.img	A-MERGE-BOTH	Item.wz/Consume/0202.img/02022121	
A DISJOINT at child level	Item	Item.wz/Consume/0202.img	A-MERGE-BOTH	Item.wz/Consume/0202.img/02022198	
A DISJOINT at child level	Item	Item.wz/Consume/0202.img	A-MERGE-BOTH	Item.wz/Consume/0202.img/02022337	
A DISJOINT at child level	Item	Item.wz/Consume/0202.img	A-MERGE-BOTH	Item.wz/Consume/0202.img/02022436	
A DISJOINT at child level	Item	Item.wz/Consume/0202.img	A-MERGE-BOTH	Item.wz/Consume/0202.img/02022437	
A DISJOINT at child level	Item	Item.wz/Consume/0202.img	A-MERGE-BOTH	Item.wz/Consume/0202.img/02022450	
A DISJOINT at child level	Item	Item.wz/Consume/0202.img	A-MERGE-BOTH	Item.wz/Consume/0202.img/02022451	
A DISJOINT at child level	Item	Item.wz/Consume/0202.img	A-MERGE-BOTH	Item.wz/Consume/0202.img/02022452	
A DISJOINT at child level	Item	Item.wz/Consume/0202.img	A-MERGE-BOTH	Item.wz/Consume/0202.img/02023000	
A DISJOINT at child level	Item	Item.wz/Consume/0202.img	A-MERGE-BOTH	Item.wz/Consume/0202.img/02023001	
A DISJOINT at child level	Item	Item.wz/Consume/0202.img	A-MERGE-BOTH	Item.wz/Consume/0202.img/02023002	
A DISJOINT at child level	Item	Item.wz/Consume/0202.img	A-MERGE-BOTH	Item.wz/Consume/0202.img/02023003	
A DISJOINT at child level	Item	Item.wz/Consume/0204.img	A-MERGE-BOTH	Item.wz/Consume/0204.img/02040728	
A DISJOINT at child level	Item	Item.wz/Consume/0204.img	A-MERGE-BOTH	Item.wz/Consume/0204.img/02040729	
A DISJOINT at child level	Item	Item.wz/Consume/0204.img	A-MERGE-BOTH	Item.wz/Consume/0204.img/02040730	
A DISJOINT at child level	Item	Item.wz/Consume/0204.img	A-MERGE-BOTH	Item.wz/Consume/0204.img/02040731	
A DISJOINT at child level	Item	Item.wz/Consume/0204.img	A-MERGE-BOTH	Item.wz/Consume/0204.img/02040732	
A DISJOINT at child level	Item	Item.wz/Consume/0204.img	A-MERGE-BOTH	Item.wz/Consume/0204.img/02040733	
A DISJOINT at child level	Item	Item.wz/Consume/0204.img	A-MERGE-BOTH	Item.wz/Consume/0204.img/02040734	
A DISJOINT at child level	Item	Item.wz/Consume/0204.img	A-MERGE-BOTH	Item.wz/Consume/0204.img/02040735	
A DISJOINT at child level	Item	Item.wz/Consume/0204.img	A-MERGE-BOTH	Item.wz/Consume/0204.img/02040736	
A DISJOINT at child level	Item	Item.wz/Consume/0204.img	A-MERGE-BOTH	Item.wz/Consume/0204.img/02040737	
A DISJOINT at child level	Item	Item.wz/Consume/0204.img	A-MERGE-BOTH	Item.wz/Consume/0204.img/02040738	
A DISJOINT at child level	Item	Item.wz/Consume/0204.img	A-MERGE-BOTH	Item.wz/Consume/0204.img/02040739	
A DISJOINT at child level	Item	Item.wz/Etc/0400.img	A-MERGE-BOTH	Item.wz/Etc/0400.img/04000313	
A DISJOINT at child level	Item	Item.wz/Etc/0400.img	A-MERGE-BOTH	Item.wz/Etc/0400.img/04001015	
A DISJOINT at child level	Item	Item.wz/Etc/0400.img	A-MERGE-BOTH	Item.wz/Etc/0400.img/04001016	
A DISJOINT at child level	Item	Item.wz/Etc/0400.img	A-MERGE-BOTH	Item.wz/Etc/0400.img/04001018	
A DISJOINT at child level	Item	Item.wz/Etc/0400.img	A-MERGE-BOTH	Item.wz/Etc/0400.img/04001022	
A DISJOINT at child level	Item	Item.wz/Etc/0400.img	A-MERGE-BOTH	Item.wz/Etc/0400.img/04001023	
A DISJOINT at child level	Item	Item.wz/Etc/0400.img	A-MERGE-BOTH	Item.wz/Etc/0400.img/04001094	
A DISJOINT at child level	Item	Item.wz/Etc/0400.img	A-MERGE-BOTH	Item.wz/Etc/0400.img/04001106	
A DISJOINT at child level	Item	Item.wz/Etc/0400.img	A-MERGE-BOTH	Item.wz/Etc/0400.img/04001111	
A DISJOINT at child level	Item	Item.wz/Etc/0400.img	A-MERGE-BOTH	Item.wz/Etc/0400.img/04001207	
A DISJOINT at child level	Item	Item.wz/Etc/0400.img	A-MERGE-BOTH	Item.wz/Etc/0400.img/04001256	
A DISJOINT at child level	Item	Item.wz/Etc/0400.img	A-MERGE-BOTH	Item.wz/Etc/0400.img/04001257	
A DISJOINT at child level	Item	Item.wz/Etc/0400.img	A-MERGE-BOTH	Item.wz/Etc/0400.img/04001258	
A DISJOINT at child level	Item	Item.wz/Etc/0400.img	A-MERGE-BOTH	Item.wz/Etc/0400.img/04001259	
A DISJOINT at child level	Item	Item.wz/Etc/0400.img	A-MERGE-BOTH	Item.wz/Etc/0400.img/04001260	
A DISJOINT at child level	Item	Item.wz/Etc/0400.img	A-MERGE-BOTH	Item.wz/Etc/0400.img/04001372	
A DISJOINT at child level	Item	Item.wz/Etc/0400.img	A-MERGE-BOTH	Item.wz/Etc/0400.img/04001373	
A DISJOINT at child level	Item	Item.wz/Install/0301.img	A-MERGE-BOTH	Item.wz/Install/0301.img/03010045	
A DISJOINT at child level	Map	Map.wz/MapHelper.img	A-MERGE-BOTH	Map.wz/MapHelper.img/AvatarMegaphone	
A DISJOINT at child level	Mob	Mob.wz/6300005.img	A-MERGE-BOTH	Mob.wz/6300005.img/die1	SKIPPED: phase-B tree already holds his value here (see SKIP in resolve-conflicts-lists.py)
A DISJOINT at child level	Mob	Mob.wz/9300196.img	A-MERGE-BOTH	Mob.wz/9300196.img/die1	
A DISJOINT at child level	String	String.wz/Pet.img	A-MERGE-BOTH	String.wz/Pet.img/5000040	
A DISJOINT at child level	String	String.wz/Pet.img	A-MERGE-BOTH	String.wz/Pet.img/5000043	
A DISJOINT at child level	String	String.wz/Pet.img	A-MERGE-BOTH	String.wz/Pet.img/5000046	
B DISJOINT at field level	Character	Character.wz/Cap/01002728.img	B-MERGE-BOTH	Character.wz/Cap/01002728.img/info/icon	
B DISJOINT at field level	Character	Character.wz/Cap/01002728.img	B-MERGE-BOTH	Character.wz/Cap/01002728.img/info/iconRaw	
B DISJOINT at field level	Character	Character.wz/Cap/01002728.img	B-MERGE-BOTH	Character.wz/Cap/01002728.img/info/level	
B DISJOINT at field level	Character	Character.wz/Cap/01002784.img	B-MERGE-BOTH	Character.wz/Cap/01002784.img/walk2/0	
B DISJOINT at field level	Character	Character.wz/Longcoat/01050131.img	B-MERGE-BOTH	Character.wz/Longcoat/01050131.img/info/icon	
B DISJOINT at field level	Character	Character.wz/Longcoat/01050131.img	B-MERGE-BOTH	Character.wz/Longcoat/01050131.img/info/iconRaw	
B DISJOINT at field level	Character	Character.wz/Longcoat/01050132.img	B-MERGE-BOTH	Character.wz/Longcoat/01050132.img/info/icon	
B DISJOINT at field level	Character	Character.wz/Longcoat/01050132.img	B-MERGE-BOTH	Character.wz/Longcoat/01050132.img/info/iconRaw	
B DISJOINT at field level	Character	Character.wz/Longcoat/01050133.img	B-MERGE-BOTH	Character.wz/Longcoat/01050133.img/info/icon	
B DISJOINT at field level	Character	Character.wz/Longcoat/01050133.img	B-MERGE-BOTH	Character.wz/Longcoat/01050133.img/info/iconRaw	
B DISJOINT at field level	Character	Character.wz/Longcoat/01050134.img	B-MERGE-BOTH	Character.wz/Longcoat/01050134.img/info/icon	
B DISJOINT at field level	Character	Character.wz/Longcoat/01050134.img	B-MERGE-BOTH	Character.wz/Longcoat/01050134.img/info/iconRaw	
B DISJOINT at field level	Character	Character.wz/Longcoat/01051150.img	B-MERGE-BOTH	Character.wz/Longcoat/01051150.img/info/icon	
B DISJOINT at field level	Character	Character.wz/Longcoat/01051150.img	B-MERGE-BOTH	Character.wz/Longcoat/01051150.img/info/iconRaw	
B DISJOINT at field level	Character	Character.wz/Longcoat/01051151.img	B-MERGE-BOTH	Character.wz/Longcoat/01051151.img/info/icon	
B DISJOINT at field level	Character	Character.wz/Longcoat/01051151.img	B-MERGE-BOTH	Character.wz/Longcoat/01051151.img/info/iconRaw	
B DISJOINT at field level	Character	Character.wz/Longcoat/01051152.img	B-MERGE-BOTH	Character.wz/Longcoat/01051152.img/info/icon	
B DISJOINT at field level	Character	Character.wz/Longcoat/01051152.img	B-MERGE-BOTH	Character.wz/Longcoat/01051152.img/info/iconRaw	
B DISJOINT at field level	Character	Character.wz/Longcoat/01051153.img	B-MERGE-BOTH	Character.wz/Longcoat/01051153.img/info/icon	
B DISJOINT at field level	Character	Character.wz/Longcoat/01051153.img	B-MERGE-BOTH	Character.wz/Longcoat/01051153.img/info/iconRaw	
B DISJOINT at field level	Character	Character.wz/Weapon/01382025.img	B-MERGE-BOTH	Character.wz/Weapon/01382025.img/info/icon	
B DISJOINT at field level	Character	Character.wz/Weapon/01382025.img	B-MERGE-BOTH	Character.wz/Weapon/01382025.img/info/iconRaw	
B DISJOINT at field level	Character	Character.wz/Weapon/01382025.img	B-MERGE-BOTH	Character.wz/Weapon/01382025.img/info/level	
B DISJOINT at field level	Etc	Etc.wz/ItemMake.img	B-MERGE-BOTH	Etc.wz/ItemMake.img/0/04260007	
B DISJOINT at field level	Etc	Etc.wz/ItemMake.img	B-MERGE-BOTH	Etc.wz/ItemMake.img/0/04260008	
B DISJOINT at field level	Etc	Etc.wz/ItemMake.img	B-MERGE-BOTH	Etc.wz/ItemMake.img/2/01072362	
B DISJOINT at field level	Etc	Etc.wz/ItemMake.img	B-MERGE-BOTH	Etc.wz/ItemMake.img/2/01382008	
B DISJOINT at field level	Mob	Mob.wz/3300005.img	B-MERGE-BOTH	Mob.wz/3300005.img/info/boss	
B DISJOINT at field level	Mob	Mob.wz/3300006.img	B-MERGE-BOTH	Mob.wz/3300006.img/info/boss	
B DISJOINT at field level	Mob	Mob.wz/3300007.img	B-MERGE-BOTH	Mob.wz/3300007.img/info/boss	
B DISJOINT at field level	Mob	Mob.wz/4130103.img	B-MERGE-BOTH	Mob.wz/4130103.img/info/HPgaugeHide	
B DISJOINT at field level	Mob	Mob.wz/4130103.img	B-MERGE-BOTH	Mob.wz/4130103.img/info/hpTagBgcolor	
B DISJOINT at field level	Mob	Mob.wz/4130103.img	B-MERGE-BOTH	Mob.wz/4130103.img/info/hpTagColor	
B DISJOINT at field level	Mob	Mob.wz/5090000.img	B-MERGE-BOTH	Mob.wz/5090000.img/info/eva	
B DISJOINT at field level	Mob	Mob.wz/5090000.img	B-MERGE-BOTH	Mob.wz/5090000.img/info/exp	
B DISJOINT at field level	Mob	Mob.wz/5090000.img	B-MERGE-BOTH	Mob.wz/5090000.img/info/HPgaugeHide	
B DISJOINT at field level	Mob	Mob.wz/5090000.img	B-MERGE-BOTH	Mob.wz/5090000.img/info/hpTagBgcolor	
B DISJOINT at field level	Mob	Mob.wz/5090000.img	B-MERGE-BOTH	Mob.wz/5090000.img/info/hpTagColor	
B DISJOINT at field level	Mob	Mob.wz/5090000.img	B-MERGE-BOTH	Mob.wz/5090000.img/info/maxHP	
B DISJOINT at field level	Mob	Mob.wz/5090001.img	B-MERGE-BOTH	Mob.wz/5090001.img/info/eva	
B DISJOINT at field level	Mob	Mob.wz/5090001.img	B-MERGE-BOTH	Mob.wz/5090001.img/info/exp	
B DISJOINT at field level	Mob	Mob.wz/5090001.img	B-MERGE-BOTH	Mob.wz/5090001.img/info/HPgaugeHide	
B DISJOINT at field level	Mob	Mob.wz/5090001.img	B-MERGE-BOTH	Mob.wz/5090001.img/info/hpTagBgcolor	
B DISJOINT at field level	Mob	Mob.wz/5090001.img	B-MERGE-BOTH	Mob.wz/5090001.img/info/hpTagColor	
B DISJOINT at field level	Mob	Mob.wz/5090001.img	B-MERGE-BOTH	Mob.wz/5090001.img/info/level	
B DISJOINT at field level	Mob	Mob.wz/5090001.img	B-MERGE-BOTH	Mob.wz/5090001.img/info/maxHP	
B DISJOINT at field level	Mob	Mob.wz/5090001.img	B-MERGE-BOTH	Mob.wz/5090001.img/info/maxMP	
B DISJOINT at field level	Mob	Mob.wz/5120100.img	B-MERGE-BOTH	Mob.wz/5120100.img/info/HPgaugeHide	
B DISJOINT at field level	Mob	Mob.wz/5120100.img	B-MERGE-BOTH	Mob.wz/5120100.img/info/hpTagBgcolor	
B DISJOINT at field level	Mob	Mob.wz/5120100.img	B-MERGE-BOTH	Mob.wz/5120100.img/info/hpTagColor	
B DISJOINT at field level	Mob	Mob.wz/6090000.img	B-MERGE-BOTH	Mob.wz/6090000.img/info/exp	
B DISJOINT at field level	Mob	Mob.wz/6090000.img	B-MERGE-BOTH	Mob.wz/6090000.img/info/HPgaugeHide	
B DISJOINT at field level	Mob	Mob.wz/6090000.img	B-MERGE-BOTH	Mob.wz/6090000.img/info/hpTagBgcolor	
B DISJOINT at field level	Mob	Mob.wz/6090000.img	B-MERGE-BOTH	Mob.wz/6090000.img/info/hpTagColor	
B DISJOINT at field level	Mob	Mob.wz/6090000.img	B-MERGE-BOTH	Mob.wz/6090000.img/info/level	
B DISJOINT at field level	Mob	Mob.wz/6090001.img	B-MERGE-BOTH	Mob.wz/6090001.img/info/exp	
B DISJOINT at field level	Mob	Mob.wz/6090001.img	B-MERGE-BOTH	Mob.wz/6090001.img/info/HPgaugeHide	
B DISJOINT at field level	Mob	Mob.wz/6090001.img	B-MERGE-BOTH	Mob.wz/6090001.img/info/hpTagBgcolor	
B DISJOINT at field level	Mob	Mob.wz/6090001.img	B-MERGE-BOTH	Mob.wz/6090001.img/info/hpTagColor	
B DISJOINT at field level	Mob	Mob.wz/6090002.img	B-MERGE-BOTH	Mob.wz/6090002.img/info/eva	
B DISJOINT at field level	Mob	Mob.wz/6090002.img	B-MERGE-BOTH	Mob.wz/6090002.img/info/exp	
B DISJOINT at field level	Mob	Mob.wz/6090002.img	B-MERGE-BOTH	Mob.wz/6090002.img/info/HPgaugeHide	
B DISJOINT at field level	Mob	Mob.wz/6090002.img	B-MERGE-BOTH	Mob.wz/6090002.img/info/hpTagBgcolor	
B DISJOINT at field level	Mob	Mob.wz/6090002.img	B-MERGE-BOTH	Mob.wz/6090002.img/info/hpTagColor	
B DISJOINT at field level	Mob	Mob.wz/6090002.img	B-MERGE-BOTH	Mob.wz/6090002.img/info/maxHP	
B DISJOINT at field level	Mob	Mob.wz/6090002.img	B-MERGE-BOTH	Mob.wz/6090002.img/info/maxMP	
B DISJOINT at field level	Mob	Mob.wz/6090003.img	B-MERGE-BOTH	Mob.wz/6090003.img/info/exp	
B DISJOINT at field level	Mob	Mob.wz/6090003.img	B-MERGE-BOTH	Mob.wz/6090003.img/info/HPgaugeHide	
B DISJOINT at field level	Mob	Mob.wz/6090003.img	B-MERGE-BOTH	Mob.wz/6090003.img/info/hpTagBgcolor	
B DISJOINT at field level	Mob	Mob.wz/6090003.img	B-MERGE-BOTH	Mob.wz/6090003.img/info/hpTagColor	
B DISJOINT at field level	Mob	Mob.wz/6090004.img	B-MERGE-BOTH	Mob.wz/6090004.img/info/eva	
B DISJOINT at field level	Mob	Mob.wz/6090004.img	B-MERGE-BOTH	Mob.wz/6090004.img/info/HPgaugeHide	
B DISJOINT at field level	Mob	Mob.wz/6090004.img	B-MERGE-BOTH	Mob.wz/6090004.img/info/hpTagBgcolor	
B DISJOINT at field level	Mob	Mob.wz/6090004.img	B-MERGE-BOTH	Mob.wz/6090004.img/info/hpTagColor	
B DISJOINT at field level	Mob	Mob.wz/6090004.img	B-MERGE-BOTH	Mob.wz/6090004.img/info/maxHP	
B DISJOINT at field level	Mob	Mob.wz/7090000.img	B-MERGE-BOTH	Mob.wz/7090000.img/info/eva	
B DISJOINT at field level	Mob	Mob.wz/7090000.img	B-MERGE-BOTH	Mob.wz/7090000.img/info/HPgaugeHide	
B DISJOINT at field level	Mob	Mob.wz/7090000.img	B-MERGE-BOTH	Mob.wz/7090000.img/info/hpTagBgcolor	
B DISJOINT at field level	Mob	Mob.wz/7090000.img	B-MERGE-BOTH	Mob.wz/7090000.img/info/hpTagColor	
B DISJOINT at field level	Mob	Mob.wz/7090000.img	B-MERGE-BOTH	Mob.wz/7090000.img/info/maxHP	
B DISJOINT at field level	Mob	Mob.wz/7120100.img	B-MERGE-BOTH	Mob.wz/7120100.img/info/HPgaugeHide	
B DISJOINT at field level	Mob	Mob.wz/7120100.img	B-MERGE-BOTH	Mob.wz/7120100.img/info/hpTagBgcolor	
B DISJOINT at field level	Mob	Mob.wz/7120100.img	B-MERGE-BOTH	Mob.wz/7120100.img/info/hpTagColor	
B DISJOINT at field level	Mob	Mob.wz/7120100.img	B-MERGE-BOTH	Mob.wz/7120100.img/info/maxHP	
B DISJOINT at field level	Mob	Mob.wz/7120101.img	B-MERGE-BOTH	Mob.wz/7120101.img/info/HPgaugeHide	
B DISJOINT at field level	Mob	Mob.wz/7120101.img	B-MERGE-BOTH	Mob.wz/7120101.img/info/hpTagBgcolor	
B DISJOINT at field level	Mob	Mob.wz/7120101.img	B-MERGE-BOTH	Mob.wz/7120101.img/info/hpTagColor	
B DISJOINT at field level	Mob	Mob.wz/7120101.img	B-MERGE-BOTH	Mob.wz/7120101.img/info/maxHP	
B DISJOINT at field level	Mob	Mob.wz/7120102.img	B-MERGE-BOTH	Mob.wz/7120102.img/info/HPgaugeHide	
B DISJOINT at field level	Mob	Mob.wz/7120102.img	B-MERGE-BOTH	Mob.wz/7120102.img/info/hpTagBgcolor	
B DISJOINT at field level	Mob	Mob.wz/7120102.img	B-MERGE-BOTH	Mob.wz/7120102.img/info/hpTagColor	
B DISJOINT at field level	Mob	Mob.wz/7120102.img	B-MERGE-BOTH	Mob.wz/7120102.img/info/maxHP	
B DISJOINT at field level	Mob	Mob.wz/8090000.img	B-MERGE-BOTH	Mob.wz/8090000.img/info/eva	
B DISJOINT at field level	Mob	Mob.wz/8090000.img	B-MERGE-BOTH	Mob.wz/8090000.img/info/HPgaugeHide	
B DISJOINT at field level	Mob	Mob.wz/8090000.img	B-MERGE-BOTH	Mob.wz/8090000.img/info/hpTagBgcolor	
B DISJOINT at field level	Mob	Mob.wz/8090000.img	B-MERGE-BOTH	Mob.wz/8090000.img/info/hpTagColor	
B DISJOINT at field level	Mob	Mob.wz/8090000.img	B-MERGE-BOTH	Mob.wz/8090000.img/info/maxHP	
B DISJOINT at field level	Mob	Mob.wz/8120100.img	B-MERGE-BOTH	Mob.wz/8120100.img/info/HPgaugeHide	
B DISJOINT at field level	Mob	Mob.wz/8120100.img	B-MERGE-BOTH	Mob.wz/8120100.img/info/hpTagBgcolor	
B DISJOINT at field level	Mob	Mob.wz/8120100.img	B-MERGE-BOTH	Mob.wz/8120100.img/info/hpTagColor	
B DISJOINT at field level	Mob	Mob.wz/8120100.img	B-MERGE-BOTH	Mob.wz/8120100.img/info/maxHP	
B DISJOINT at field level	Mob	Mob.wz/8120101.img	B-MERGE-BOTH	Mob.wz/8120101.img/info/HPgaugeHide	
B DISJOINT at field level	Mob	Mob.wz/8120101.img	B-MERGE-BOTH	Mob.wz/8120101.img/info/hpTagBgcolor	
B DISJOINT at field level	Mob	Mob.wz/8120101.img	B-MERGE-BOTH	Mob.wz/8120101.img/info/hpTagColor	
B DISJOINT at field level	Mob	Mob.wz/8120101.img	B-MERGE-BOTH	Mob.wz/8120101.img/info/maxHP	
B DISJOINT at field level	Mob	Mob.wz/8140510.img	B-MERGE-BOTH	Mob.wz/8140510.img/info/HPgaugeHide	
B DISJOINT at field level	Mob	Mob.wz/8140510.img	B-MERGE-BOTH	Mob.wz/8140510.img/info/hpTagBgcolor	
B DISJOINT at field level	Mob	Mob.wz/8140510.img	B-MERGE-BOTH	Mob.wz/8140510.img/info/hpTagColor	
B DISJOINT at field level	Mob	Mob.wz/8140510.img	B-MERGE-BOTH	Mob.wz/8140510.img/info/maxHP	
B DISJOINT at field level	Mob	Mob.wz/8150000.img	B-MERGE-BOTH	Mob.wz/8150000.img/info/HPgaugeHide	
B DISJOINT at field level	Mob	Mob.wz/8150000.img	B-MERGE-BOTH	Mob.wz/8150000.img/info/hpTagBgcolor	
B DISJOINT at field level	Mob	Mob.wz/8150000.img	B-MERGE-BOTH	Mob.wz/8150000.img/info/hpTagColor	
B DISJOINT at field level	Mob	Mob.wz/8220007.img	B-MERGE-BOTH	Mob.wz/8220007.img/info/HPgaugeHide	
B DISJOINT at field level	Mob	Mob.wz/8220007.img	B-MERGE-BOTH	Mob.wz/8220007.img/info/hpTagBgcolor	
B DISJOINT at field level	Mob	Mob.wz/8220007.img	B-MERGE-BOTH	Mob.wz/8220007.img/info/hpTagColor	
B DISJOINT at field level	Mob	Mob.wz/8220009.img	B-MERGE-BOTH	Mob.wz/8220009.img/info/HPgaugeHide	
B DISJOINT at field level	Mob	Mob.wz/8220009.img	B-MERGE-BOTH	Mob.wz/8220009.img/info/hpTagBgcolor	
B DISJOINT at field level	Mob	Mob.wz/8220009.img	B-MERGE-BOTH	Mob.wz/8220009.img/info/hpTagColor	
B DISJOINT at field level	Mob	Mob.wz/8520000.img	B-MERGE-BOTH	Mob.wz/8520000.img/info/removeAfter	
B DISJOINT at field level	Mob	Mob.wz/8810018.img	B-MERGE-BOTH	Mob.wz/8810018.img/info/boss	
B DISJOINT at field level	Mob	Mob.wz/8820000.img	B-MERGE-BOTH	Mob.wz/8820000.img/info/revive	
B DISJOINT at field level	Mob	Mob.wz/8820002.img	B-MERGE-BOTH	Mob.wz/8820002.img/info/HPgaugeHide	
B DISJOINT at field level	Mob	Mob.wz/8820002.img	B-MERGE-BOTH	Mob.wz/8820002.img/info/hpTagBgcolor	
B DISJOINT at field level	Mob	Mob.wz/8820002.img	B-MERGE-BOTH	Mob.wz/8820002.img/info/hpTagColor	
B DISJOINT at field level	Mob	Mob.wz/8820003.img	B-MERGE-BOTH	Mob.wz/8820003.img/info/HPgaugeHide	
B DISJOINT at field level	Mob	Mob.wz/8820003.img	B-MERGE-BOTH	Mob.wz/8820003.img/info/hpTagBgcolor	
B DISJOINT at field level	Mob	Mob.wz/8820003.img	B-MERGE-BOTH	Mob.wz/8820003.img/info/hpTagColor	
B DISJOINT at field level	Mob	Mob.wz/8820003.img	B-MERGE-BOTH	Mob.wz/8820003.img/info/revive	
B DISJOINT at field level	Mob	Mob.wz/8820004.img	B-MERGE-BOTH	Mob.wz/8820004.img/info/HPgaugeHide	
B DISJOINT at field level	Mob	Mob.wz/8820004.img	B-MERGE-BOTH	Mob.wz/8820004.img/info/hpTagBgcolor	
B DISJOINT at field level	Mob	Mob.wz/8820004.img	B-MERGE-BOTH	Mob.wz/8820004.img/info/hpTagColor	
B DISJOINT at field level	Mob	Mob.wz/8820004.img	B-MERGE-BOTH	Mob.wz/8820004.img/info/revive	
B DISJOINT at field level	Mob	Mob.wz/8820005.img	B-MERGE-BOTH	Mob.wz/8820005.img/info/HPgaugeHide	
B DISJOINT at field level	Mob	Mob.wz/8820005.img	B-MERGE-BOTH	Mob.wz/8820005.img/info/hpTagBgcolor	
B DISJOINT at field level	Mob	Mob.wz/8820005.img	B-MERGE-BOTH	Mob.wz/8820005.img/info/hpTagColor	
B DISJOINT at field level	Mob	Mob.wz/8820005.img	B-MERGE-BOTH	Mob.wz/8820005.img/info/revive	
B DISJOINT at field level	Mob	Mob.wz/8820006.img	B-MERGE-BOTH	Mob.wz/8820006.img/info/HPgaugeHide	
B DISJOINT at field level	Mob	Mob.wz/8820006.img	B-MERGE-BOTH	Mob.wz/8820006.img/info/hpTagBgcolor	
B DISJOINT at field level	Mob	Mob.wz/8820006.img	B-MERGE-BOTH	Mob.wz/8820006.img/info/hpTagColor	
B DISJOINT at field level	Mob	Mob.wz/8820006.img	B-MERGE-BOTH	Mob.wz/8820006.img/info/revive	
B DISJOINT at field level	Mob	Mob.wz/8820010.img	B-MERGE-BOTH	Mob.wz/8820010.img/info/boss	
B DISJOINT at field level	Mob	Mob.wz/8820011.img	B-MERGE-BOTH	Mob.wz/8820011.img/info/boss	
B DISJOINT at field level	Mob	Mob.wz/8820012.img	B-MERGE-BOTH	Mob.wz/8820012.img/info/boss	
B DISJOINT at field level	Mob	Mob.wz/8820013.img	B-MERGE-BOTH	Mob.wz/8820013.img/info/boss	
B DISJOINT at field level	Mob	Mob.wz/8820014.img	B-MERGE-BOTH	Mob.wz/8820014.img/info/boss	
B DISJOINT at field level	Mob	Mob.wz/8830000.img	B-MERGE-BOTH	Mob.wz/8830000.img/info/HPgaugeHide	
B DISJOINT at field level	Mob	Mob.wz/8830000.img	B-MERGE-BOTH	Mob.wz/8830000.img/info/hpTagBgcolor	
B DISJOINT at field level	Mob	Mob.wz/8830000.img	B-MERGE-BOTH	Mob.wz/8830000.img/info/hpTagColor	
B DISJOINT at field level	Mob	Mob.wz/8830003.img	B-MERGE-BOTH	Mob.wz/8830003.img/info/boss	
B DISJOINT at field level	Mob	Mob.wz/8830010.img	B-MERGE-BOTH	Mob.wz/8830010.img/info/boss	
B DISJOINT at field level	Mob	Mob.wz/9001000.img	B-MERGE-BOTH	Mob.wz/9001000.img/info/HPgaugeHide	
B DISJOINT at field level	Mob	Mob.wz/9001000.img	B-MERGE-BOTH	Mob.wz/9001000.img/info/hpTagBgcolor	
B DISJOINT at field level	Mob	Mob.wz/9001000.img	B-MERGE-BOTH	Mob.wz/9001000.img/info/hpTagColor	
B DISJOINT at field level	Mob	Mob.wz/9001001.img	B-MERGE-BOTH	Mob.wz/9001001.img/info/HPgaugeHide	
B DISJOINT at field level	Mob	Mob.wz/9001001.img	B-MERGE-BOTH	Mob.wz/9001001.img/info/hpTagBgcolor	
B DISJOINT at field level	Mob	Mob.wz/9001001.img	B-MERGE-BOTH	Mob.wz/9001001.img/info/hpTagColor	
B DISJOINT at field level	Mob	Mob.wz/9001002.img	B-MERGE-BOTH	Mob.wz/9001002.img/info/HPgaugeHide	
B DISJOINT at field level	Mob	Mob.wz/9001002.img	B-MERGE-BOTH	Mob.wz/9001002.img/info/hpTagBgcolor	
B DISJOINT at field level	Mob	Mob.wz/9001002.img	B-MERGE-BOTH	Mob.wz/9001002.img/info/hpTagColor	
B DISJOINT at field level	Mob	Mob.wz/9001003.img	B-MERGE-BOTH	Mob.wz/9001003.img/info/HPgaugeHide	
B DISJOINT at field level	Mob	Mob.wz/9001003.img	B-MERGE-BOTH	Mob.wz/9001003.img/info/hpTagBgcolor	
B DISJOINT at field level	Mob	Mob.wz/9001003.img	B-MERGE-BOTH	Mob.wz/9001003.img/info/hpTagColor	
B DISJOINT at field level	Mob	Mob.wz/9001004.img	B-MERGE-BOTH	Mob.wz/9001004.img/info/HPgaugeHide	
B DISJOINT at field level	Mob	Mob.wz/9001004.img	B-MERGE-BOTH	Mob.wz/9001004.img/info/hpTagBgcolor	
B DISJOINT at field level	Mob	Mob.wz/9001004.img	B-MERGE-BOTH	Mob.wz/9001004.img/info/hpTagColor	
B DISJOINT at field level	Mob	Mob.wz/9001008.img	B-MERGE-BOTH	Mob.wz/9001008.img/info/boss	
B DISJOINT at field level	Mob	Mob.wz/9001008.img	B-MERGE-BOTH	Mob.wz/9001008.img/info/HPgaugeHide	
B DISJOINT at field level	Mob	Mob.wz/9001008.img	B-MERGE-BOTH	Mob.wz/9001008.img/info/hpTagBgcolor	
B DISJOINT at field level	Mob	Mob.wz/9001008.img	B-MERGE-BOTH	Mob.wz/9001008.img/info/hpTagColor	
B DISJOINT at field level	Mob	Mob.wz/9300003.img	B-MERGE-BOTH	Mob.wz/9300003.img/info/boss	
B DISJOINT at field level	Mob	Mob.wz/9300003.img	B-MERGE-BOTH	Mob.wz/9300003.img/info/HPgaugeHide	
B DISJOINT at field level	Mob	Mob.wz/9300003.img	B-MERGE-BOTH	Mob.wz/9300003.img/info/hpTagBgcolor	
B DISJOINT at field level	Mob	Mob.wz/9300003.img	B-MERGE-BOTH	Mob.wz/9300003.img/info/hpTagColor	
B DISJOINT at field level	Mob	Mob.wz/9300012.img	B-MERGE-BOTH	Mob.wz/9300012.img/info/HPgaugeHide	
B DISJOINT at field level	Mob	Mob.wz/9300012.img	B-MERGE-BOTH	Mob.wz/9300012.img/info/hpTagBgcolor	
B DISJOINT at field level	Mob	Mob.wz/9300012.img	B-MERGE-BOTH	Mob.wz/9300012.img/info/hpTagColor	
B DISJOINT at field level	Mob	Mob.wz/9300093.img	B-MERGE-BOTH	Mob.wz/9300093.img/info/dropItemPeriod	
B DISJOINT at field level	Mob	Mob.wz/9303002.img	B-MERGE-BOTH	Mob.wz/9303002.img/info/boss	
B DISJOINT at field level	Mob	Mob.wz/9400014.img	B-MERGE-BOTH	Mob.wz/9400014.img/info/HPgaugeHide	
B DISJOINT at field level	Mob	Mob.wz/9400014.img	B-MERGE-BOTH	Mob.wz/9400014.img/info/hpTagBgcolor	
B DISJOINT at field level	Mob	Mob.wz/9400014.img	B-MERGE-BOTH	Mob.wz/9400014.img/info/hpTagColor	
B DISJOINT at field level	Mob	Mob.wz/9400205.img	B-MERGE-BOTH	Mob.wz/9400205.img/info/HPgaugeHide	
B DISJOINT at field level	Mob	Mob.wz/9400205.img	B-MERGE-BOTH	Mob.wz/9400205.img/info/hpTagBgcolor	
B DISJOINT at field level	Mob	Mob.wz/9400205.img	B-MERGE-BOTH	Mob.wz/9400205.img/info/hpTagColor	
B DISJOINT at field level	Mob	Mob.wz/9500340.img	B-MERGE-BOTH	Mob.wz/9500340.img/info/boss	
B DISJOINT at field level	Mob	Mob.wz/9500340.img	B-MERGE-BOTH	Mob.wz/9500340.img/info/HPgaugeHide	
B DISJOINT at field level	Mob	Mob.wz/9500340.img	B-MERGE-BOTH	Mob.wz/9500340.img/info/hpTagBgcolor	
B DISJOINT at field level	Mob	Mob.wz/9500340.img	B-MERGE-BOTH	Mob.wz/9500340.img/info/hpTagColor	
B DISJOINT at field level	Mob	Mob.wz/9500340.img	B-MERGE-BOTH	Mob.wz/9500340.img/info/revive	
B DISJOINT at field level	Mob	Mob.wz/9500343.img	B-MERGE-BOTH	Mob.wz/9500343.img/info/default	
B DISJOINT at field level	Mob	Mob.wz/9500343.img	B-MERGE-BOTH	Mob.wz/9500343.img/info/HPgaugeHide	
B DISJOINT at field level	Mob	Mob.wz/9500343.img	B-MERGE-BOTH	Mob.wz/9500343.img/info/hpTagBgcolor	
B DISJOINT at field level	Mob	Mob.wz/9500343.img	B-MERGE-BOTH	Mob.wz/9500343.img/info/hpTagColor	
B DISJOINT at field level	Mob	Mob.wz/9500358.img	B-MERGE-BOTH	Mob.wz/9500358.img/info/HPgaugeHide	
B DISJOINT at field level	Mob	Mob.wz/9500358.img	B-MERGE-BOTH	Mob.wz/9500358.img/info/hpTagBgcolor	
B DISJOINT at field level	Mob	Mob.wz/9500358.img	B-MERGE-BOTH	Mob.wz/9500358.img/info/hpTagColor	
B DISJOINT at field level	Quest	Quest.wz/Act.img	B-MERGE-BOTH	Quest.wz/Act.img/10430/1	
B DISJOINT at field level	Skill	Skill.wz/000.img	B-MERGE-BOTH	Skill.wz/000.img/skill/0000100	
B DISJOINT at field level	Skill	Skill.wz/000.img	B-MERGE-BOTH	Skill.wz/000.img/skill/0001011	
B DISJOINT at field level	Skill	Skill.wz/1000.img	B-MERGE-BOTH	Skill.wz/1000.img/skill/10000012	
B DISJOINT at field level	Skill	Skill.wz/1000.img	B-MERGE-BOTH	Skill.wz/1000.img/skill/10000100	
B DISJOINT at field level	Skill	Skill.wz/1000.img	B-MERGE-BOTH	Skill.wz/1000.img/skill/10001011	
B DISJOINT at field level	Skill	Skill.wz/2000.img	B-MERGE-BOTH	Skill.wz/2000.img/skill/20000100	
B DISJOINT at field level	Skill	Skill.wz/2000.img	B-MERGE-BOTH	Skill.wz/2000.img/skill/20001011	
B DISJOINT at field level	String	String.wz/Map.img	B-MERGE-BOTH	String.wz/Map.img/etc/674030000	
B DISJOINT at field level	String	String.wz/Map.img	B-MERGE-BOTH	String.wz/Map.img/etc/674030100	
B DISJOINT at field level	String	String.wz/Map.img	B-MERGE-BOTH	String.wz/Map.img/etc/674030200	
B DISJOINT at field level	String	String.wz/Map.img	B-MERGE-BOTH	String.wz/Map.img/etc/674030300	
B DISJOINT at field level	String	String.wz/Map.img	B-MERGE-BOTH	String.wz/Map.img/etc/777777777	
B DISJOINT at field level	String	String.wz/Map.img	B-MERGE-BOTH	String.wz/Map.img/etc/889100000	
B DISJOINT at field level	String	String.wz/Map.img	B-MERGE-BOTH	String.wz/Map.img/etc/889100001	
B DISJOINT at field level	String	String.wz/Map.img	B-MERGE-BOTH	String.wz/Map.img/etc/889100002	
B DISJOINT at field level	String	String.wz/Map.img	B-MERGE-BOTH	String.wz/Map.img/etc/889100010	
B DISJOINT at field level	String	String.wz/Map.img	B-MERGE-BOTH	String.wz/Map.img/etc/889100011	
B DISJOINT at field level	String	String.wz/Map.img	B-MERGE-BOTH	String.wz/Map.img/etc/889100012	
B DISJOINT at field level	String	String.wz/Map.img	B-MERGE-BOTH	String.wz/Map.img/etc/889100020	
B DISJOINT at field level	String	String.wz/Map.img	B-MERGE-BOTH	String.wz/Map.img/etc/889100021	
B DISJOINT at field level	String	String.wz/Map.img	B-MERGE-BOTH	String.wz/Map.img/etc/889100022	
B DISJOINT at field level	String	String.wz/Map.img	B-MERGE-BOTH	String.wz/Map.img/etc/889100100	
B DISJOINT at field level	String	String.wz/Map.img	B-MERGE-BOTH	String.wz/Map.img/etc/914090010	
B DISJOINT at field level	String	String.wz/Map.img	B-MERGE-BOTH	String.wz/Map.img/etc/914090011	
B DISJOINT at field level	String	String.wz/Map.img	B-MERGE-BOTH	String.wz/Map.img/etc/914090012	
B DISJOINT at field level	String	String.wz/Map.img	B-MERGE-BOTH	String.wz/Map.img/etc/914090013	
B DISJOINT at field level	String	String.wz/Map.img	B-MERGE-BOTH	String.wz/Map.img/etc/925021600	
B DISJOINT at field level	String	String.wz/Map.img	B-MERGE-BOTH	String.wz/Map.img/ossyria/270010410	
B DISJOINT at field level	String	String.wz/Map.img	B-MERGE-BOTH	String.wz/Map.img/victoria/180000000	
B DISJOINT at field level	String	String.wz/Map.img	B-MERGE-BOTH	String.wz/Map.img/victoria/180000001	
B DISJOINT at field level	String	String.wz/Map.img	B-MERGE-BOTH	String.wz/Map.img/victoria/180000002	
B DISJOINT at field level	String	String.wz/Map.img	B-MERGE-BOTH	String.wz/Map.img/victoria/180000003	
C TRUE OVERLAP (same field, both moved)	Character	Character.wz/Cap/01002777.img	C-KEEP-HIS	Character.wz/Cap/01002777.img/info/level	
C TRUE OVERLAP (same field, both moved)	Character	Character.wz/Cap/01002791.img	C-KEEP-HIS	Character.wz/Cap/01002791.img/info/level	
C TRUE OVERLAP (same field, both moved)	Character	Character.wz/Dragon/01942002.img	C-KEEP-HIS	Character.wz/Dragon/01942002.img/info/level	
C TRUE OVERLAP (same field, both moved)	Character	Character.wz/Dragon/01952002.img	C-KEEP-HIS	Character.wz/Dragon/01952002.img/info/level	
C TRUE OVERLAP (same field, both moved)	Character	Character.wz/Dragon/01962002.img	C-KEEP-HIS	Character.wz/Dragon/01962002.img/info/level	
C TRUE OVERLAP (same field, both moved)	Character	Character.wz/Dragon/01972002.img	C-KEEP-HIS	Character.wz/Dragon/01972002.img/info/level	
C TRUE OVERLAP (same field, both moved)	Character	Character.wz/Glove/01082235.img	C-KEEP-HIS	Character.wz/Glove/01082235.img/info/level	
C TRUE OVERLAP (same field, both moved)	Character	Character.wz/Glove/01082240.img	C-KEEP-HIS	Character.wz/Glove/01082240.img/info/level	
C TRUE OVERLAP (same field, both moved)	Character	Character.wz/Longcoat/01052156.img	C-KEEP-HIS	Character.wz/Longcoat/01052156.img/info/level	
C TRUE OVERLAP (same field, both moved)	Character	Character.wz/Longcoat/01052161.img	C-KEEP-HIS	Character.wz/Longcoat/01052161.img/info/level	
C TRUE OVERLAP (same field, both moved)	Character	Character.wz/Shield/01092057.img	C-KEEP-HIS	Character.wz/Shield/01092057.img/info/level	
C TRUE OVERLAP (same field, both moved)	Character	Character.wz/Shoes/01072356.img	C-KEEP-HIS	Character.wz/Shoes/01072356.img/info/level	
C TRUE OVERLAP (same field, both moved)	Character	Character.wz/Shoes/01072362.img	C-KEEP-HIS	Character.wz/Shoes/01072362.img/info/level	
C TRUE OVERLAP (same field, both moved)	Character	Character.wz/TamingMob/01912033.img	C-TAKE-V84		no row emitted; tree already carries v84
C TRUE OVERLAP (same field, both moved)	Character	Character.wz/TamingMob/01912034.img	C-TAKE-V84		no row emitted; tree already carries v84
C TRUE OVERLAP (same field, both moved)	Character	Character.wz/TamingMob/01912035.img	C-TAKE-V84		no row emitted; tree already carries v84
C TRUE OVERLAP (same field, both moved)	Character	Character.wz/Weapon/01372044.img	C-KEEP-HIS	Character.wz/Weapon/01372044.img/info/level	
C TRUE OVERLAP (same field, both moved)	Character	Character.wz/Weapon/01372045.img	C-KEEP-HIS	Character.wz/Weapon/01372045.img/info/level	
C TRUE OVERLAP (same field, both moved)	Character	Character.wz/Weapon/01382057.img	C-KEEP-HIS	Character.wz/Weapon/01382057.img/info/level	
C TRUE OVERLAP (same field, both moved)	Character	Character.wz/Weapon/01382059.img	C-KEEP-HIS	Character.wz/Weapon/01382059.img/info/level	
C TRUE OVERLAP (same field, both moved)	Item	Item.wz/Consume/0228.img	C-TAKE-V84		no row emitted; tree already carries v84
C TRUE OVERLAP (same field, both moved)	Item	Item.wz/Consume/0229.img	C-TAKE-V84		no row emitted; tree already carries v84
C TRUE OVERLAP (same field, both moved)	Item	Item.wz/Etc/0403.img	C-TAKE-V84		no row emitted; tree already carries v84
C TRUE OVERLAP (same field, both moved)	Map	Map.wz/Map/Map1/101000000.img	C-TAKE-V84		no row emitted; tree already carries v84
C TRUE OVERLAP (same field, both moved)	Map	Map.wz/Map/Map1/102000000.img	C-TAKE-V84		no row emitted; tree already carries v84
C TRUE OVERLAP (same field, both moved)	Map	Map.wz/Map/Map1/102000004.img	C-TAKE-V84		no row emitted; tree already carries v84
C TRUE OVERLAP (same field, both moved)	Map	Map.wz/Map/Map1/103000000.img	C-TAKE-V84		no row emitted; tree already carries v84
C TRUE OVERLAP (same field, both moved)	Map	Map.wz/Map/Map1/120000105.img	C-TAKE-V84		no row emitted; tree already carries v84
C TRUE OVERLAP (same field, both moved)	Map	Map.wz/Map/Map1/130000000.img	C-TAKE-V84		no row emitted; tree already carries v84
C TRUE OVERLAP (same field, both moved)	Map	Map.wz/Map/Map1/130000101.img	C-TAKE-V84		no row emitted; tree already carries v84
C TRUE OVERLAP (same field, both moved)	Map	Map.wz/Map/Map2/250000000.img	C-TAKE-V84		no row emitted; tree already carries v84
C TRUE OVERLAP (same field, both moved)	Map	Map.wz/Map/Map2/251000000.img	C-TAKE-V84		no row emitted; tree already carries v84
C TRUE OVERLAP (same field, both moved)	Map	Map.wz/Map/Map2/261000000.img	C-TAKE-V84		no row emitted; tree already carries v84
C TRUE OVERLAP (same field, both moved)	Map	Map.wz/WorldMap/WorldMap.img	C-TAKE-V84		no row emitted; tree already carries v84
C TRUE OVERLAP (same field, both moved)	Map	Map.wz/WorldMap/WorldMap010.img	C-TAKE-V84		no row emitted; tree already carries v84
C TRUE OVERLAP (same field, both moved)	Quest	Quest.wz/QuestInfo.img	C-TAKE-V84		no row emitted; tree already carries v84
C TRUE OVERLAP (same field, both moved)	Skill	Skill.wz/MobSkill.img	C-TAKE-V84		no row emitted; tree already carries v84
C TRUE OVERLAP (same field, both moved)	String	String.wz/Eqp.img	C-TAKE-V84		no row emitted; tree already carries v84
C TRUE OVERLAP (same field, both moved)	String	String.wz/Etc.img	C-TAKE-V84		no row emitted; tree already carries v84
C TRUE OVERLAP (same field, both moved)	String	String.wz/Ins.img	C-TAKE-V84		no row emitted; tree already carries v84
D WHOLESALE (overlap too wide to drill)	Character	Character.wz/Glove/01082262.img	D-TAKE-V84		no row emitted; tree already carries v84
D WHOLESALE (overlap too wide to drill)	Character	Character.wz/TamingMob/01902040.img	D-TAKE-V84		no row emitted; tree already carries v84
D WHOLESALE (overlap too wide to drill)	Character	Character.wz/TamingMob/01902041.img	D-TAKE-V84		no row emitted; tree already carries v84
D WHOLESALE (overlap too wide to drill)	Character	Character.wz/TamingMob/01902042.img	D-TAKE-V84		no row emitted; tree already carries v84
D WHOLESALE (overlap too wide to drill)	Character	Character.wz/Weapon/01382058.img	D-TAKE-V84		no row emitted; tree already carries v84
D WHOLESALE (overlap too wide to drill)	Character	Character.wz/Weapon/01452058.img	D-TAKE-V84		no row emitted; tree already carries v84
D WHOLESALE (overlap too wide to drill)	Character	Character.wz/Weapon/01472069.img	D-TAKE-V84		no row emitted; tree already carries v84
D WHOLESALE (overlap too wide to drill)	Character	Character.wz/Weapon/01492024.img	D-TAKE-V84		no row emitted; tree already carries v84
D WHOLESALE (overlap too wide to drill)	Etc	Etc.wz/Commodity.img	D-TAKE-V84		no row emitted; tree already carries v84
D WHOLESALE (overlap too wide to drill)	Quest	Quest.wz/Check.img	D-TAKE-V84		no row emitted; tree already carries v84
D WHOLESALE (overlap too wide to drill)	Quest	Quest.wz/Say.img	D-TAKE-V84		no row emitted; tree already carries v84
D WHOLESALE (overlap too wide to drill)	String	String.wz/Cash.img	D-TAKE-V84		no row emitted; tree already carries v84
D WHOLESALE (overlap too wide to drill)	String	String.wz/Consume.img	D-TAKE-V84		no row emitted; tree already carries v84
D WHOLESALE (overlap too wide to drill)	String	String.wz/MonsterBook.img	D-TAKE-V84		no row emitted; tree already carries v84
D WHOLESALE (overlap too wide to drill)	String	String.wz/Npc.img	D-TAKE-V84		no row emitted; tree already carries v84
D WHOLESALE (overlap too wide to drill)	String	String.wz/Skill.img	D-TAKE-V84		no row emitted; tree already carries v84
D WHOLESALE (overlap too wide to drill)	UI	UI.wz/UIWindow.img	D-TAKE-V84		no row emitted; tree already carries v84
