item_id	item_name	category	add_list_path	sources_found	bucket	verdict	note
31990	Black Evan Hair (F)	Hair	Character.wz/Hair/00031990.img		cosmetic_hair_face	COSMETIC_NOT_APPLICABLE	beauty-shop content: applied by an NPC from Character.wz, never an item
31991	Red Evan Hair (F)	Hair	Character.wz/Hair/00031991.img		cosmetic_hair_face	COSMETIC_NOT_APPLICABLE	beauty-shop content: applied by an NPC from Character.wz, never an item
31992	Orange Evan Hair (F)	Hair	Character.wz/Hair/00031992.img		cosmetic_hair_face	COSMETIC_NOT_APPLICABLE	beauty-shop content: applied by an NPC from Character.wz, never an item
31993	Blond Evan Hair (F)	Hair	Character.wz/Hair/00031993.img		cosmetic_hair_face	COSMETIC_NOT_APPLICABLE	beauty-shop content: applied by an NPC from Character.wz, never an item
31994	Silver Evan Hair (F)	Hair	Character.wz/Hair/00031994.img		cosmetic_hair_face	COSMETIC_NOT_APPLICABLE	beauty-shop content: applied by an NPC from Character.wz, never an item
31995	Blue Evan Hair (F)	Hair	Character.wz/Hair/00031995.img		cosmetic_hair_face	COSMETIC_NOT_APPLICABLE	beauty-shop content: applied by an NPC from Character.wz, never an item
31996	Purple Evan Hair (F)	Hair	Character.wz/Hair/00031996.img		cosmetic_hair_face	COSMETIC_NOT_APPLICABLE	beauty-shop content: applied by an NPC from Character.wz, never an item
31997	Brown Evan Hair (F)	Hair	Character.wz/Hair/00031997.img		cosmetic_hair_face	COSMETIC_NOT_APPLICABLE	beauty-shop content: applied by an NPC from Character.wz, never an item
33030	Black Babish Hair	Hair	Character.wz/Hair/00033030.img		cosmetic_hair_face	COSMETIC_NOT_APPLICABLE	beauty-shop content: applied by an NPC from Character.wz, never an item
33031	Red Babish Hair	Hair	Character.wz/Hair/00033031.img		cosmetic_hair_face	COSMETIC_NOT_APPLICABLE	beauty-shop content: applied by an NPC from Character.wz, never an item
33032	Orange Babish Hair	Hair	Character.wz/Hair/00033032.img		cosmetic_hair_face	COSMETIC_NOT_APPLICABLE	beauty-shop content: applied by an NPC from Character.wz, never an item
33033	Blonde Babish Hair	Hair	Character.wz/Hair/00033033.img		cosmetic_hair_face	COSMETIC_NOT_APPLICABLE	beauty-shop content: applied by an NPC from Character.wz, never an item
33034	Green Babish Hair	Hair	Character.wz/Hair/00033034.img		cosmetic_hair_face	COSMETIC_NOT_APPLICABLE	beauty-shop content: applied by an NPC from Character.wz, never an item
33035	Blue Babish Hair	Hair	Character.wz/Hair/00033035.img		cosmetic_hair_face	COSMETIC_NOT_APPLICABLE	beauty-shop content: applied by an NPC from Character.wz, never an item
33036	Purple Babish Hair	Hair	Character.wz/Hair/00033036.img		cosmetic_hair_face	COSMETIC_NOT_APPLICABLE	beauty-shop content: applied by an NPC from Character.wz, never an item
33037	Brown Babish Hair	Hair	Character.wz/Hair/00033037.img		cosmetic_hair_face	COSMETIC_NOT_APPLICABLE	beauty-shop content: applied by an NPC from Character.wz, never an item
33050	Black Spiky Shag	Hair	Character.wz/Hair/00033050.img		cosmetic_hair_face	COSMETIC_NOT_APPLICABLE	beauty-shop content: applied by an NPC from Character.wz, never an item
33051	Red Spiky Shag	Hair	Character.wz/Hair/00033051.img		cosmetic_hair_face	COSMETIC_NOT_APPLICABLE	beauty-shop content: applied by an NPC from Character.wz, never an item
33052	Orange Spiky Shag	Hair	Character.wz/Hair/00033052.img		cosmetic_hair_face	COSMETIC_NOT_APPLICABLE	beauty-shop content: applied by an NPC from Character.wz, never an item
33053	Blonde Spiky Shag	Hair	Character.wz/Hair/00033053.img		cosmetic_hair_face	COSMETIC_NOT_APPLICABLE	beauty-shop content: applied by an NPC from Character.wz, never an item
33054	Green Spiky Shag	Hair	Character.wz/Hair/00033054.img		cosmetic_hair_face	COSMETIC_NOT_APPLICABLE	beauty-shop content: applied by an NPC from Character.wz, never an item
33055	Blue Spiky Shag	Hair	Character.wz/Hair/00033055.img		cosmetic_hair_face	COSMETIC_NOT_APPLICABLE	beauty-shop content: applied by an NPC from Character.wz, never an item
33056	Purple Spiky Shag	Hair	Character.wz/Hair/00033056.img		cosmetic_hair_face	COSMETIC_NOT_APPLICABLE	beauty-shop content: applied by an NPC from Character.wz, never an item
33057	Brown Spiky Shag	Hair	Character.wz/Hair/00033057.img		cosmetic_hair_face	COSMETIC_NOT_APPLICABLE	beauty-shop content: applied by an NPC from Character.wz, never an item
33150	Black Evan Hair (M)	Hair	Character.wz/Hair/00033150.img		cosmetic_hair_face	COSMETIC_NOT_APPLICABLE	beauty-shop content: applied by an NPC from Character.wz, never an item
33151	Red Evan Hair (M)	Hair	Character.wz/Hair/00033151.img		cosmetic_hair_face	COSMETIC_NOT_APPLICABLE	beauty-shop content: applied by an NPC from Character.wz, never an item
33152	Orange Evan Hair (M)	Hair	Character.wz/Hair/00033152.img		cosmetic_hair_face	COSMETIC_NOT_APPLICABLE	beauty-shop content: applied by an NPC from Character.wz, never an item
33153	Blond Evan Hair (M)	Hair	Character.wz/Hair/00033153.img		cosmetic_hair_face	COSMETIC_NOT_APPLICABLE	beauty-shop content: applied by an NPC from Character.wz, never an item
33154	Silver Evan Hair (M)	Hair	Character.wz/Hair/00033154.img		cosmetic_hair_face	COSMETIC_NOT_APPLICABLE	beauty-shop content: applied by an NPC from Character.wz, never an item
33155	Blue Evan Hair (M)	Hair	Character.wz/Hair/00033155.img		cosmetic_hair_face	COSMETIC_NOT_APPLICABLE	beauty-shop content: applied by an NPC from Character.wz, never an item
33156	Purple Evan Hair (M)	Hair	Character.wz/Hair/00033156.img		cosmetic_hair_face	COSMETIC_NOT_APPLICABLE	beauty-shop content: applied by an NPC from Character.wz, never an item
33157	Brown Evan Hair (M)	Hair	Character.wz/Hair/00033157.img		cosmetic_hair_face	COSMETIC_NOT_APPLICABLE	beauty-shop content: applied by an NPC from Character.wz, never an item
34040		Hair	Character.wz/Hair/00034040.img		cosmetic_hair_face	COSMETIC_NOT_APPLICABLE	beauty-shop content: applied by an NPC from Character.wz, never an item
34041		Hair	Character.wz/Hair/00034041.img		cosmetic_hair_face	COSMETIC_NOT_APPLICABLE	beauty-shop content: applied by an NPC from Character.wz, never an item
34042		Hair	Character.wz/Hair/00034042.img		cosmetic_hair_face	COSMETIC_NOT_APPLICABLE	beauty-shop content: applied by an NPC from Character.wz, never an item
34043		Hair	Character.wz/Hair/00034043.img		cosmetic_hair_face	COSMETIC_NOT_APPLICABLE	beauty-shop content: applied by an NPC from Character.wz, never an item
34044		Hair	Character.wz/Hair/00034044.img		cosmetic_hair_face	COSMETIC_NOT_APPLICABLE	beauty-shop content: applied by an NPC from Character.wz, never an item
34045		Hair	Character.wz/Hair/00034045.img		cosmetic_hair_face	COSMETIC_NOT_APPLICABLE	beauty-shop content: applied by an NPC from Character.wz, never an item
34046		Hair	Character.wz/Hair/00034046.img		cosmetic_hair_face	COSMETIC_NOT_APPLICABLE	beauty-shop content: applied by an NPC from Character.wz, never an item
34047		Hair	Character.wz/Hair/00034047.img		cosmetic_hair_face	COSMETIC_NOT_APPLICABLE	beauty-shop content: applied by an NPC from Character.wz, never an item
34060	Black Bow Hair	Hair	Character.wz/Hair/00034060.img		cosmetic_hair_face	COSMETIC_NOT_APPLICABLE	beauty-shop content: applied by an NPC from Character.wz, never an item
34061	Red Bow Hair	Hair	Character.wz/Hair/00034061.img		cosmetic_hair_face	COSMETIC_NOT_APPLICABLE	beauty-shop content: applied by an NPC from Character.wz, never an item
34062	Orange Bow Hair	Hair	Character.wz/Hair/00034062.img		cosmetic_hair_face	COSMETIC_NOT_APPLICABLE	beauty-shop content: applied by an NPC from Character.wz, never an item
34063	Blonde Bow Hair	Hair	Character.wz/Hair/00034063.img		cosmetic_hair_face	COSMETIC_NOT_APPLICABLE	beauty-shop content: applied by an NPC from Character.wz, never an item
34064	Green Bow Hair	Hair	Character.wz/Hair/00034064.img		cosmetic_hair_face	COSMETIC_NOT_APPLICABLE	beauty-shop content: applied by an NPC from Character.wz, never an item
34065	Blue Bow Hair	Hair	Character.wz/Hair/00034065.img		cosmetic_hair_face	COSMETIC_NOT_APPLICABLE	beauty-shop content: applied by an NPC from Character.wz, never an item
34066	Purple Bow Hair	Hair	Character.wz/Hair/00034066.img		cosmetic_hair_face	COSMETIC_NOT_APPLICABLE	beauty-shop content: applied by an NPC from Character.wz, never an item
34067	Brown Bow Hair	Hair	Character.wz/Hair/00034067.img		cosmetic_hair_face	COSMETIC_NOT_APPLICABLE	beauty-shop content: applied by an NPC from Character.wz, never an item
1003010	Dancing Blue Butterfly	Cap	Character.wz/Cap/01003010.img		equip_armor	NO_SOURCE_IN_V84	info/cash=1 but NO row in Etc.wz/Commodity.img - v84 ships the art and lists no way to buy it
1003029	Former Hero Female Face	Cap	Character.wz/Cap/01003029.img		equip_armor	NO_SOURCE_IN_V84	info/cash=1 but NO row in Etc.wz/Commodity.img - v84 ships the art and lists no way to buy it
1003030	Former Hero Male Face	Cap	Character.wz/Cap/01003030.img		equip_armor	NO_SOURCE_IN_V84	info/cash=1 but NO row in Etc.wz/Commodity.img - v84 ships the art and lists no way to buy it
1003043	순록의 뿔	Cap	Character.wz/Cap/01003043.img		equip_armor	NO_SOURCE_IN_V84	info/cash=1 but NO row in Etc.wz/Commodity.img - v84 ships the art and lists no way to buy it
1003058	Christmas Hairpin	Cap	Character.wz/Cap/01003058.img		equip_armor	NO_SOURCE_IN_V84	info/cash=1 but NO row in Etc.wz/Commodity.img - v84 ships the art and lists no way to buy it
1003074	Strawberry Hat	Cap	Character.wz/Cap/01003074.img	cashshop(SN 20000656 OnSale=0)	equip_armor	CASH_ONLY	Commodity.img row exists with OnSale=0 - v84 shipped it switched off but its SN 20000656 is inside a CashPackage.img package
1003079	Green Leaf Hat	Cap	Character.wz/Cap/01003079.img	cashshop(SN 20000657 OnSale=0)	equip_armor	CASH_ONLY	Commodity.img row exists with OnSale=0 - v84 shipped it switched off but its SN 20000657 is inside a CashPackage.img package
1003090	Pink Bean Hairband	Cap	Character.wz/Cap/01003090.img		equip_armor	PARITY_GAP	
1012161	루돌프의 빛나는 코	Accessory	Character.wz/Accessory/01012161.img		equip_accessory	PARITY_GAP	
1022097	Dragon Glasses	Accessory	Character.wz/Accessory/01022097.img	questreward(10482 end 200906010000,28346 end 201005050000 - all expired)	equip_accessory	PARITY_GAP	
1042180	Checkered Shirt	Coat	Character.wz/Coat/01042180.img		equip_armor	PARITY_GAP	
1050161	Bunny Boy	Longcoat	Character.wz/Longcoat/01050161.img		equip_armor	NO_SOURCE_IN_V84	info/cash=1 but NO row in Etc.wz/Commodity.img - v84 ships the art and lists no way to buy it
1051200	Bunny Girl	Longcoat	Character.wz/Longcoat/01051200.img		equip_armor	NO_SOURCE_IN_V84	info/cash=1 but NO row in Etc.wz/Commodity.img - v84 ships the art and lists no way to buy it
1051208	Strawberry Girl	Longcoat	Character.wz/Longcoat/01051208.img	cashshop(SN 20300392 OnSale=0)	equip_armor	CASH_ONLY	Commodity.img row exists with OnSale=0 - v84 shipped it switched off but its SN 20300392 is inside a CashPackage.img package
1052226	Former Hero Robe	Longcoat	Character.wz/Longcoat/01052226.img		equip_armor	PARITY_GAP	
1052231	Little Prince	Longcoat	Character.wz/Longcoat/01052231.img		equip_armor	NO_SOURCE_IN_V84	info/cash=1 but NO row in Etc.wz/Commodity.img - v84 ships the art and lists no way to buy it
1052245	Green Leaf Overall	Longcoat	Character.wz/Longcoat/01052245.img	cashshop(SN 20300393 OnSale=0)	equip_armor	CASH_ONLY	Commodity.img row exists with OnSale=0 - v84 shipped it switched off but its SN 20300393 is inside a CashPackage.img package
1060138	Denim Shorts	Pants	Character.wz/Pants/01060138.img		equip_armor	PARITY_GAP	
1061160	Denim Skirt	Pants	Character.wz/Pants/01061160.img		equip_armor	PARITY_GAP	
1072418	Black Boots	Shoes	Character.wz/Shoes/01072418.img		equip_armor	PARITY_GAP	
1072425	Freud's Shoes	Shoes	Character.wz/Shoes/01072425.img		equip_armor	NO_SOURCE_IN_V84	info/cash=1 but NO row in Etc.wz/Commodity.img - v84 ships the art and lists no way to buy it
1072438	Green Leaf Shoes	Shoes	Character.wz/Shoes/01072438.img	cashshop(SN 20600262 OnSale=0)	equip_armor	CASH_ONLY	Commodity.img row exists with OnSale=0 - v84 shipped it switched off but its SN 20600262 is inside a CashPackage.img package
1072439	Strawberry Shoes	Shoes	Character.wz/Shoes/01072439.img	cashshop(SN 20600263 OnSale=0)	equip_armor	CASH_ONLY	Commodity.img row exists with OnSale=0 - v84 shipped it switched off but its SN 20600263 is inside a CashPackage.img package
1082261	Freud's Gloves	Glove	Character.wz/Glove/01082261.img		equip_armor	NO_SOURCE_IN_V84	info/cash=1 but NO row in Etc.wz/Commodity.img - v84 ships the art and lists no way to buy it
1082263	Bunny Gloves	Glove	Character.wz/Glove/01082263.img		equip_armor	NO_SOURCE_IN_V84	info/cash=1 but NO row in Etc.wz/Commodity.img - v84 ships the art and lists no way to buy it
1082270	Lita's Ocean Gloves	Glove	Character.wz/Glove/01082270.img		equip_armor	PARITY_GAP	
1082271	Lita's Hero Gloves	Glove	Character.wz/Glove/01082271.img		equip_armor	PARITY_GAP	
1102231	Sirius Cape	Cape	Character.wz/Cape/01102231.img		equip_armor	CONTAINER_ONLY	container 2022652,2022653,2022654,2022655 | every container listed is itself unsourced
1102232	Little Prince Star	Cape	Character.wz/Cape/01102232.img		equip_armor	NO_SOURCE_IN_V84	info/cash=1 but NO row in Etc.wz/Commodity.img - v84 ships the art and lists no way to buy it
1112909	Aura Ring	Ring	Character.wz/Ring/01112909.img		equip_accessory	NO_SOURCE_IN_V84	info/cash=1 but NO row in Etc.wz/Commodity.img - v84 ships the art and lists no way to buy it
1112910	Aura Ring	Ring	Character.wz/Ring/01112910.img		equip_accessory	NO_SOURCE_IN_V84	info/cash=1 but NO row in Etc.wz/Commodity.img - v84 ships the art and lists no way to buy it
1142166	2009루돌프의 훈장	Accessory	Character.wz/Accessory/01142166.img	questreward(10487 end 200912280000 - all expired)	equip_accessory	PARITY_GAP	
1142170	The 3rd Honorable Mesoranger	Accessory	Character.wz/Accessory/01142170.img		equip_accessory	PARITY_GAP	REQUIRED BY LIVE QUEST 19011 | Mesoranger medal. Quest 19011 is GM-only - V84-QUEST-SWEEP settled it: autoAccept + medalCategory 3, and its sole start requirement is possession of 1142170, which nothing grants because a GM handed it out.
1142171	Honorable Mesoranger	Accessory	Character.wz/Accessory/01142171.img		equip_accessory	PARITY_GAP	Mesoranger medal. Quest 19011 is GM-only - V84-QUEST-SWEEP settled it: autoAccept + medalCategory 3, and its sole start requirement is possession of 1142170, which nothing grants because a GM handed it out.
1142172	Honorable Mesoranger	Accessory	Character.wz/Accessory/01142172.img		equip_accessory	PARITY_GAP	Mesoranger medal. Quest 19011 is GM-only - V84-QUEST-SWEEP settled it: autoAccept + medalCategory 3, and its sole start requirement is possession of 1142170, which nothing grants because a GM handed it out.
1142198	Confused Evan	Accessory	Character.wz/Accessory/01142198.img	questreward(28355 end 2010050600 - all expired)	equip_accessory	PARITY_GAP	
1142199	Beginner Evan	Accessory	Character.wz/Accessory/01142199.img	questreward(28356 end 2010050600 - all expired)	equip_accessory	PARITY_GAP	
1142200	Confident Evan	Accessory	Character.wz/Accessory/01142200.img	questreward(28357 end 2010050600 - all expired)	equip_accessory	PARITY_GAP	
1142201	Elite Evan	Accessory	Character.wz/Accessory/01142201.img	questreward(28358 end 2010050600 - all expired)	equip_accessory	PARITY_GAP	
1142202	Trailblazer Evan	Accessory	Character.wz/Accessory/01142202.img	questreward(28359 end 2010050600 - all expired)	equip_accessory	PARITY_GAP	
1142203	Eternal Trailblazer Evan	Accessory	Character.wz/Accessory/01142203.img	questreward(28360 end 2010050600 - all expired)	equip_accessory	PARITY_GAP	
1302132	Pig Herding Stick	Weapon	Character.wz/Weapon/01302132.img		equip_weapon	PARITY_GAP	
1302900	One Shot Kill Sword	Weapon	Character.wz/Weapon/01302900.img		equip_weapon	NO_SOURCE_IN_V84	only=1 + tradeBlock=1 + price=1: GM/test item, handed out by command, not by content
1302901	Knock Down Sword	Weapon	Character.wz/Weapon/01302901.img		equip_weapon	NO_SOURCE_IN_V84	only=1 + tradeBlock=1 + price=1: GM/test item, handed out by command, not by content
1302902	Slow Sword	Weapon	Character.wz/Weapon/01302902.img		equip_weapon	NO_SOURCE_IN_V84	only=1 + tradeBlock=1 + price=1: GM/test item, handed out by command, not by content
1302903	Poison Sword	Weapon	Character.wz/Weapon/01302903.img		equip_weapon	NO_SOURCE_IN_V84	only=1 + tradeBlock=1 + price=1: GM/test item, handed out by command, not by content
1302904	Dark Sword	Weapon	Character.wz/Weapon/01302904.img		equip_weapon	NO_SOURCE_IN_V84	only=1 + tradeBlock=1 + price=1: GM/test item, handed out by command, not by content
1302905	Seal Sword	Weapon	Character.wz/Weapon/01302905.img		equip_weapon	NO_SOURCE_IN_V84	only=1 + tradeBlock=1 + price=1: GM/test item, handed out by command, not by content
1302906	Ice Sword	Weapon	Character.wz/Weapon/01302906.img		equip_weapon	NO_SOURCE_IN_V84	only=1 + tradeBlock=1 + price=1: GM/test item, handed out by command, not by content
1302907	Reinforced Attribute Sword (F)	Weapon	Character.wz/Weapon/01302907.img		equip_weapon	NO_SOURCE_IN_V84	only=1 + tradeBlock=1 + price=1: GM/test item, handed out by command, not by content
1302908	Boss Kill Sword	Weapon	Character.wz/Weapon/01302908.img		equip_weapon	NO_SOURCE_IN_V84	only=1 + tradeBlock=1 + price=1: GM/test item, handed out by command, not by content
1302909	Recovery Sword	Weapon	Character.wz/Weapon/01302909.img		equip_weapon	NO_SOURCE_IN_V84	only=1 + tradeBlock=1 + price=1: GM/test item, handed out by command, not by content
1302910	Sickly Sword	Weapon	Character.wz/Weapon/01302910.img		equip_weapon	NO_SOURCE_IN_V84	only=1 + tradeBlock=1 + price=1: GM/test item, handed out by command, not by content
1302911	Critical Sword	Weapon	Character.wz/Weapon/01302911.img		equip_weapon	NO_SOURCE_IN_V84	only=1 + tradeBlock=1 + price=1: GM/test item, handed out by command, not by content
1302912	Monster Death Sword	Weapon	Character.wz/Weapon/01302912.img		equip_weapon	NO_SOURCE_IN_V84	only=1 + tradeBlock=1 + price=1: GM/test item, handed out by command, not by content
1302913	Reinforced Attribute Sword (I)	Weapon	Character.wz/Weapon/01302913.img		equip_weapon	NO_SOURCE_IN_V84	only=1 + tradeBlock=1 + price=1: GM/test item, handed out by command, not by content
1302914	Reinforced Attribute Sword (S)	Weapon	Character.wz/Weapon/01302914.img		equip_weapon	NO_SOURCE_IN_V84	only=1 + tradeBlock=1 + price=1: GM/test item, handed out by command, not by content
1302915	Reinforced Attribute Sword (H)	Weapon	Character.wz/Weapon/01302915.img		equip_weapon	NO_SOURCE_IN_V84	only=1 + tradeBlock=1 + price=1: GM/test item, handed out by command, not by content
1302916	Reinforced Attribute Sword (L)	Weapon	Character.wz/Weapon/01302916.img		equip_weapon	NO_SOURCE_IN_V84	only=1 + tradeBlock=1 + price=1: GM/test item, handed out by command, not by content
1332100	Nageling	Weapon	Character.wz/Weapon/01332100.img		equip_weapon	CONTAINER_ONLY	container 2022654 | every container listed is itself unsourced
1372059	Neo Phoenix Wand	Weapon	Character.wz/Weapon/01372059.img		equip_weapon	PARITY_GAP	
1382092	Circle-Winded Staff	Weapon	Character.wz/Weapon/01382092.img		equip_weapon	CONTAINER_ONLY	container 5530027 | every container listed is itself unsourced
1402073	Askaron	Weapon	Character.wz/Weapon/01402073.img		equip_weapon	CONTAINER_ONLY	container 2022652 | every container listed is itself unsourced
1402074	Neo Heaven's Gate	Weapon	Character.wz/Weapon/01402074.img		equip_weapon	PARITY_GAP	
1432066	Bellum Spear	Weapon	Character.wz/Weapon/01432066.img		equip_weapon	CONTAINER_ONLY	container 2022652 | every container listed is itself unsourced
1442090	Machlear	Weapon	Character.wz/Weapon/01442090.img		equip_weapon	CONTAINER_ONLY	container 2022652 | every container listed is itself unsourced
1442091	Neo Eclipse	Weapon	Character.wz/Weapon/01442091.img		equip_weapon	PARITY_GAP	
1452090	Neo Dark Arund	Weapon	Character.wz/Weapon/01452090.img		equip_weapon	PARITY_GAP	
1462076	Inferna	Weapon	Character.wz/Weapon/01462076.img		equip_weapon	CONTAINER_ONLY	container 2022655 | every container listed is itself unsourced
1472101	Neo Black Mamba	Weapon	Character.wz/Weapon/01472101.img		equip_weapon	PARITY_GAP	
1482051	Crusio	Weapon	Character.wz/Weapon/01482051.img		equip_weapon	CONTAINER_ONLY	container 2022656 | every container listed is itself unsourced
1482052	Neo Steel Renault	Weapon	Character.wz/Weapon/01482052.img		equip_weapon	PARITY_GAP	
1702248		Weapon	Character.wz/Weapon/01702248.img		equip_weapon	NO_SOURCE_IN_V84	info/cash=1 but NO row in Etc.wz/Commodity.img - v84 ships the art and lists no way to buy it
1702253	Bunny Umbrella	Weapon	Character.wz/Weapon/01702253.img		equip_weapon	NO_SOURCE_IN_V84	info/cash=1 but NO row in Etc.wz/Commodity.img - v84 ships the art and lists no way to buy it
1702254		Weapon	Character.wz/Weapon/01702254.img		equip_weapon	NO_SOURCE_IN_V84	info/cash=1 but NO row in Etc.wz/Commodity.img - v84 ships the art and lists no way to buy it
1702262	Green Leaf Guards	Weapon	Character.wz/Weapon/01702262.img	cashshop(SN 20800311 OnSale=0)	equip_weapon	CASH_ONLY	Commodity.img row exists with OnSale=0 - v84 shipped it switched off but its SN 20800311 is inside a CashPackage.img package
1702264	Strawberry Basket	Weapon	Character.wz/Weapon/01702264.img	cashshop(SN 20800312 OnSale=0)	equip_weapon	CASH_ONLY	Commodity.img row exists with OnSale=0 - v84 shipped it switched off but its SN 20800312 is inside a CashPackage.img package
1932006		TamingMob	Character.wz/TamingMob/01932006.img		mount	PARITY_GAP	mount saddle, not loot. v84 grants a mount through the coupon spec/script (Item.wz/Consume/0243.img/<coupon>/spec/script = consume_2430073 and friends) and none of those script files exists - V84-OPEN-ITEMS section 4, ticket 05. The fix is a script, not a drop row.
1932007		TamingMob	Character.wz/TamingMob/01932007.img		mount	PARITY_GAP	mount saddle, not loot. v84 grants a mount through the coupon spec/script (Item.wz/Consume/0243.img/<coupon>/spec/script = consume_2430073 and friends) and none of those script files exists - V84-OPEN-ITEMS section 4, ticket 05. The fix is a script, not a drop row.
1932008		TamingMob	Character.wz/TamingMob/01932008.img		mount	PARITY_GAP	mount saddle, not loot. v84 grants a mount through the coupon spec/script (Item.wz/Consume/0243.img/<coupon>/spec/script = consume_2430073 and friends) and none of those script files exists - V84-OPEN-ITEMS section 4, ticket 05. The fix is a script, not a drop row.
1932009		TamingMob	Character.wz/TamingMob/01932009.img		mount	PARITY_GAP	mount saddle, not loot. v84 grants a mount through the coupon spec/script (Item.wz/Consume/0243.img/<coupon>/spec/script = consume_2430073 and friends) and none of those script files exists - V84-OPEN-ITEMS section 4, ticket 05. The fix is a script, not a drop row.
1932011		TamingMob	Character.wz/TamingMob/01932011.img		mount	PARITY_GAP	mount saddle, not loot. v84 grants a mount through the coupon spec/script (Item.wz/Consume/0243.img/<coupon>/spec/script = consume_2430073 and friends) and none of those script files exists - V84-OPEN-ITEMS section 4, ticket 05. The fix is a script, not a drop row.
1932018		TamingMob	Character.wz/TamingMob/01932018.img		mount	PARITY_GAP	mount saddle, not loot. v84 grants a mount through the coupon spec/script (Item.wz/Consume/0243.img/<coupon>/spec/script = consume_2430073 and friends) and none of those script files exists - V84-OPEN-ITEMS section 4, ticket 05. The fix is a script, not a drop row.
1932019		TamingMob	Character.wz/TamingMob/01932019.img		mount	PARITY_GAP	mount saddle, not loot. v84 grants a mount through the coupon spec/script (Item.wz/Consume/0243.img/<coupon>/spec/script = consume_2430073 and friends) and none of those script files exists - V84-OPEN-ITEMS section 4, ticket 05. The fix is a script, not a drop row.
1932020		TamingMob	Character.wz/TamingMob/01932020.img		mount	PARITY_GAP	mount saddle, not loot. v84 grants a mount through the coupon spec/script (Item.wz/Consume/0243.img/<coupon>/spec/script = consume_2430073 and friends) and none of those script files exists - V84-OPEN-ITEMS section 4, ticket 05. The fix is a script, not a drop row.
2001500	Red Potion	Consume	Item.wz/Consume/0200.img/02001500		consume	CONTAINER_ONLY	container 2022657 | every container listed is itself unsourced
2001501	Orange Potion	Consume	Item.wz/Consume/0200.img/02001501		consume	CONTAINER_ONLY	container 2022657 | every container listed is itself unsourced
2001502	White Potion	Consume	Item.wz/Consume/0200.img/02001502		consume	CONTAINER_ONLY	container 2022657 | every container listed is itself unsourced
2001503	Blue Potion	Consume	Item.wz/Consume/0200.img/02001503		consume	CONTAINER_ONLY	container 2022657 | every container listed is itself unsourced
2001504	Elixir	Consume	Item.wz/Consume/0200.img/02001504		consume	CONTAINER_ONLY	container 2022659 | every container listed is itself unsourced
2001505	Power Elixir	Consume	Item.wz/Consume/0200.img/02001505		consume	CONTAINER_ONLY	container 2022659 | every container listed is itself unsourced
2001506	Mana Elixir	Consume	Item.wz/Consume/0200.img/02001506		consume	PARITY_GAP	
2001507	Red Pill	Consume	Item.wz/Consume/0200.img/02001507		consume	PARITY_GAP	
2001508	Orange Pill	Consume	Item.wz/Consume/0200.img/02001508		consume	CONTAINER_ONLY	container 2022657 | every container listed is itself unsourced
2001509	White Pill	Consume	Item.wz/Consume/0200.img/02001509		consume	CONTAINER_ONLY	container 2022657 | every container listed is itself unsourced
2001510	Blue Pill	Consume	Item.wz/Consume/0200.img/02001510		consume	CONTAINER_ONLY	container 2022657 | every container listed is itself unsourced
2001511	Mana Elixir Pill	Consume	Item.wz/Consume/0200.img/02001511		consume	CONTAINER_ONLY	container 2022657 | every container listed is itself unsourced
2001512	Watermelon	Consume	Item.wz/Consume/0200.img/02001512		consume	CONTAINER_ONLY	container 2022658,2022659 | every container listed is itself unsourced
2001513	Ice Cream Pop	Consume	Item.wz/Consume/0200.img/02001513		consume	CONTAINER_ONLY	container 2022658,2022659 | every container listed is itself unsourced
2001514	Red Bean Sundae	Consume	Item.wz/Consume/0200.img/02001514		consume	CONTAINER_ONLY	container 2022658,2022659 | every container listed is itself unsourced
2001515	Dexterity Potion	Consume	Item.wz/Consume/0200.img/02001515		consume	CONTAINER_ONLY	container 2022658 | every container listed is itself unsourced
2001516	Speed Potion	Consume	Item.wz/Consume/0200.img/02001516		consume	CONTAINER_ONLY	container 2022658 | every container listed is itself unsourced
2001517	Magic Potion	Consume	Item.wz/Consume/0200.img/02001517		consume	CONTAINER_ONLY	container 2022658 | every container listed is itself unsourced
2001518	Wizard Potion	Consume	Item.wz/Consume/0200.img/02001518		consume	CONTAINER_ONLY	container 2022658 | every container listed is itself unsourced
2001519	Warrior Potion	Consume	Item.wz/Consume/0200.img/02001519		consume	CONTAINER_ONLY	container 2022658 | every container listed is itself unsourced
2001520	Sniper Potion	Consume	Item.wz/Consume/0200.img/02001520		consume	CONTAINER_ONLY	container 2022658 | every container listed is itself unsourced
2001521	Warrior Pill	Consume	Item.wz/Consume/0200.img/02001521		consume	PARITY_GAP	
2001522	Magic Pill	Consume	Item.wz/Consume/0200.img/02001522		consume	PARITY_GAP	
2001523	Sniper Pill	Consume	Item.wz/Consume/0200.img/02001523		consume	PARITY_GAP	
2001524	Dexterity Pill	Consume	Item.wz/Consume/0200.img/02001524		consume	PARITY_GAP	
2001525	Speed Pill	Consume	Item.wz/Consume/0200.img/02001525		consume	PARITY_GAP	
2020033	Gingerbread Man Cookie	Consume	Item.wz/Consume/0202.img/02020033		consume	PARITY_GAP	
2020034	Gingerbread Woman Cookie	Consume	Item.wz/Consume/0202.img/02020034		consume	PARITY_GAP	
2020035	Candy Cane	Consume	Item.wz/Consume/0202.img/02020035		consume	PARITY_GAP	
2022469	Cassandra's Gag	Consume	Item.wz/Consume/0202.img/02022469		consume	PARITY_GAP	
2022470	Cassandra's Gag	Consume	Item.wz/Consume/0202.img/02022470		consume	PARITY_GAP	
2022637	Dragon's Blessing	Consume	Item.wz/Consume/0202.img/02022637		consume	PARITY_GAP	
2022642	Christmas Blessing	Consume	Item.wz/Consume/0202.img/02022642		consume	PARITY_GAP	
2022652	Dragon Rider's Warrior Box	Consume	Item.wz/Consume/0202.img/02022652		consume	PARITY_GAP	
2022653	Dragon Rider's Magician Box	Consume	Item.wz/Consume/0202.img/02022653		consume	PARITY_GAP	
2022654	Dragon Rider's Thief Box	Consume	Item.wz/Consume/0202.img/02022654		consume	PARITY_GAP	
2022655	Dragon Rider's Bowman Box	Consume	Item.wz/Consume/0202.img/02022655		consume	PARITY_GAP	
2022656	Dragon Rider's Pirate Box	Consume	Item.wz/Consume/0202.img/02022656		consume	PARITY_GAP	
2022657	Cheap Guitar Case	Consume	Item.wz/Consume/0202.img/02022657	questreward(10496 end 200912280000 - all expired)	consume	PARITY_GAP	
2022658	Expensive Guitar Case	Consume	Item.wz/Consume/0202.img/02022658		consume	PARITY_GAP	
2022659	Legendary Guitar Case	Consume	Item.wz/Consume/0202.img/02022659		consume	PARITY_GAP	
2022660	Dragon Rider Buff Zone Recovery Item	Consume	Item.wz/Consume/0202.img/02022660		consume	PARITY_GAP	
2022661	Dragon Rider Buff Zone Recovery Item	Consume	Item.wz/Consume/0202.img/02022661		consume	PARITY_GAP	
2022662	Evan's Paper Box	Consume	Item.wz/Consume/0202.img/02022662		consume	PARITY_GAP	
2022695	Onyx Dragon Treasure Chest	Consume	Item.wz/Consume/0202.img/02022695	questreward(28351 end 201005050000 - all expired)	consume	PARITY_GAP	
2040120	Shiny Nose Bandage 30%	Consume	Item.wz/Consume/0204.img/02040120		consume	PARITY_GAP	
2040211	Dragon Glasses Scroll	Consume	Item.wz/Consume/0204.img/02040211	questreward(10483 end 200906010000,10484 end 200906010000 - all expired)	consume	PARITY_GAP	
2040212	Dragon Glasses Special Scroll	Consume	Item.wz/Consume/0204.img/02040212	questreward(10485 end 200906010000,10486 end 200906010000 - all expired)	consume	PARITY_GAP	
2040227	Dragon Glasses Scroll 60%	Consume	Item.wz/Consume/0204.img/02040227	questreward(28347 end 201005050000,28348 end 201005050000 - all expired)	consume	PARITY_GAP	
2040228	Dragon Glasses Scroll 80%	Consume	Item.wz/Consume/0204.img/02040228		consume	PARITY_GAP	
2040229	Dragon Glasses Special Scroll 30%	Consume	Item.wz/Consume/0204.img/02040229	questreward(28349 end 201005050000,28350 end 201005050000 - all expired)	consume	PARITY_GAP	
2040230	Dragon Glasses Special Scroll 50%	Consume	Item.wz/Consume/0204.img/02040230		consume	PARITY_GAP	
2043714	Scroll for Wand for Magic ATT 60%	Consume	Item.wz/Consume/0204.img/02043714		consume	PARITY_GAP	
2043814	Scroll for Staff for Magic ATT 60%	Consume	Item.wz/Consume/0204.img/02043814		consume	PARITY_GAP	
2047000	Tablet for One-Handed Weapon for ATT	Consume	Item.wz/Consume/0204.img/02047000	drop(0/1 placed: 8300007)	consume	PARITY_GAP	the only drop row is on mob 8300007 Dragon Rider, which no map places - 153-crimson-sky-drop-data.sql:39 records that refusal deliberately, and the rows come from 160-monsterbook-drop-data.sql:282-287. The fix is a spawner for 8300007, NOT a new drop row.
2047001	Tablet for One-Handed Weapon for Accuracy	Consume	Item.wz/Consume/0204.img/02047001	drop(0/1 placed: 8300007)	consume	PARITY_GAP	the only drop row is on mob 8300007 Dragon Rider, which no map places - 153-crimson-sky-drop-data.sql:39 records that refusal deliberately, and the rows come from 160-monsterbook-drop-data.sql:282-287. The fix is a spawner for 8300007, NOT a new drop row.
2047002	Tablet for One-Handed Weapon for Magic Attack	Consume	Item.wz/Consume/0204.img/02047002	drop(0/1 placed: 8300007)	consume	PARITY_GAP	the only drop row is on mob 8300007 Dragon Rider, which no map places - 153-crimson-sky-drop-data.sql:39 records that refusal deliberately, and the rows come from 160-monsterbook-drop-data.sql:282-287. The fix is a spawner for 8300007, NOT a new drop row.
2047100	Tablet for Two-Handed Weapon for ATT	Consume	Item.wz/Consume/0204.img/02047100	drop(0/1 placed: 8300007)	consume	PARITY_GAP	the only drop row is on mob 8300007 Dragon Rider, which no map places - 153-crimson-sky-drop-data.sql:39 records that refusal deliberately, and the rows come from 160-monsterbook-drop-data.sql:282-287. The fix is a spawner for 8300007, NOT a new drop row.
2047101	Tablet for Two-Handed Weapon for Accuracy	Consume	Item.wz/Consume/0204.img/02047101	drop(0/1 placed: 8300007)	consume	PARITY_GAP	the only drop row is on mob 8300007 Dragon Rider, which no map places - 153-crimson-sky-drop-data.sql:39 records that refusal deliberately, and the rows come from 160-monsterbook-drop-data.sql:282-287. The fix is a spawner for 8300007, NOT a new drop row.
2047102	Tablet for Two-Handed Weapon for Magic Attack	Consume	Item.wz/Consume/0204.img/02047102	drop(0/1 placed: 8300007)	consume	PARITY_GAP	the only drop row is on mob 8300007 Dragon Rider, which no map places - 153-crimson-sky-drop-data.sql:39 records that refusal deliberately, and the rows come from 160-monsterbook-drop-data.sql:282-287. The fix is a spawner for 8300007, NOT a new drop row.
2047300	Tablet for Accessory for STR	Consume	Item.wz/Consume/0204.img/02047300		consume	PARITY_GAP	no drop row at all. The sibling weapon tablets 2047000-2047102 have rows only on the unplaced 8300007, so copying one of those verbatim would change nothing. No analogue.
2047301	Tablet for Accessory for INT	Consume	Item.wz/Consume/0204.img/02047301		consume	PARITY_GAP	no drop row at all. The sibling weapon tablets 2047000-2047102 have rows only on the unplaced 8300007, so copying one of those verbatim would change nothing. No analogue.
2047302	Tablet for Accessory for DEX	Consume	Item.wz/Consume/0204.img/02047302		consume	PARITY_GAP	no drop row at all. The sibling weapon tablets 2047000-2047102 have rows only on the unplaced 8300007, so copying one of those verbatim would change nothing. No analogue.
2047303	Tablet for Accessory for LUK	Consume	Item.wz/Consume/0204.img/02047303		consume	PARITY_GAP	no drop row at all. The sibling weapon tablets 2047000-2047102 have rows only on the unplaced 8300007, so copying one of those verbatim would change nothing. No analogue.
2047304	Tablet for Accessory for HANDS	Consume	Item.wz/Consume/0204.img/02047304		consume	PARITY_GAP	no drop row at all. The sibling weapon tablets 2047000-2047102 have rows only on the unplaced 8300007, so copying one of those verbatim would change nothing. No analogue.
2047305	Tablet for Accessory for JUMP	Consume	Item.wz/Consume/0204.img/02047305		consume	PARITY_GAP	no drop row at all. The sibling weapon tablets 2047000-2047102 have rows only on the unplaced 8300007, so copying one of those verbatim would change nothing. No analogue.
2047306	Tablet for Accessory for Accuracy	Consume	Item.wz/Consume/0204.img/02047306		consume	PARITY_GAP	no drop row at all. The sibling weapon tablets 2047000-2047102 have rows only on the unplaced 8300007, so copying one of those verbatim would change nothing. No analogue.
2047307	Tablet for Accessory for Avoidability	Consume	Item.wz/Consume/0204.img/02047307		consume	PARITY_GAP	no drop row at all. The sibling weapon tablets 2047000-2047102 have rows only on the unplaced 8300007, so copying one of those verbatim would change nothing. No analogue.
2047308	Tablet for Accessory for HP	Consume	Item.wz/Consume/0204.img/02047308		consume	PARITY_GAP	no drop row at all. The sibling weapon tablets 2047000-2047102 have rows only on the unplaced 8300007, so copying one of those verbatim would change nothing. No analogue.
2047309	Tablet for Accessory for MP	Consume	Item.wz/Consume/0204.img/02047309		consume	PARITY_GAP	no drop row at all. The sibling weapon tablets 2047000-2047102 have rows only on the unplaced 8300007, so copying one of those verbatim would change nothing. No analogue.
2100167	Ice Wall Summoning Sack	Consume	Item.wz/Consume/0210.img/02100167		consume	PARITY_GAP	
2100168	Dragon Rider Summoning Sack	Consume	Item.wz/Consume/0210.img/02100168		consume	PARITY_GAP	
2210044	Snowman Transformation	Consume	Item.wz/Consume/0221.img/02210044		consume	PARITY_GAP	
2210045	Gustav Transformation	Consume	Item.wz/Consume/0221.img/02210045		consume	PARITY_GAP	
2210046	Anna Transformation	Consume	Item.wz/Consume/0221.img/02210046		consume	PARITY_GAP	
2210047	Utah Transformation	Consume	Item.wz/Consume/0221.img/02210047		consume	PARITY_GAP	
2210048	Orange Mushroom Transformation	Consume	Item.wz/Consume/0221.img/02210048		consume	PARITY_GAP	
2210049	Pig Transformation	Consume	Item.wz/Consume/0221.img/02210049		consume	PARITY_GAP	
2430033	Christmas Gift Box	Consume	Item.wz/Consume/0243.img/02430033		consume	PARITY_GAP	
2430034	G-star Reset Item	Consume	Item.wz/Consume/0243.img/02430034		consume	PARITY_GAP	
2430035	Cassandra's Strange Slushie	Consume	Item.wz/Consume/0243.img/02430035		consume	PARITY_GAP	
2430041	Gift Box	Consume	Item.wz/Consume/0243.img/02430041		consume	PARITY_GAP	
2430042	Gift Box	Consume	Item.wz/Consume/0243.img/02430042		consume	PARITY_GAP	
2430043	Gift Box	Consume	Item.wz/Consume/0243.img/02430043		consume	PARITY_GAP	
2430044	Gift Box	Consume	Item.wz/Consume/0243.img/02430044		consume	PARITY_GAP	
2430045	Gift Box	Consume	Item.wz/Consume/0243.img/02430045		consume	PARITY_GAP	
2430046	Gift Box	Consume	Item.wz/Consume/0243.img/02430046		consume	PARITY_GAP	
2430047	Cassandra's Gift Box	Consume	Item.wz/Consume/0243.img/02430047		consume	PARITY_GAP	
2430048	Candy Twirl	Consume	Item.wz/Consume/0243.img/02430048		consume	CONTAINER_ONLY	container 2022662 | every container listed is itself unsourced
3010107	Dragon Egg	Install	Item.wz/Install/0301.img/03010107		install	CONTAINER_ONLY	container 2022695 | every container listed is itself unsourced
3010108	Baby Swing	Install	Item.wz/Install/0301.img/03010108		install	CONTAINER_ONLY	container 2022695 | every container listed is itself unsourced
3010120	Easter Egg Basket	Install	Item.wz/Install/0301.img/03010120		install	PARITY_GAP	
3994184	Cassandra's Strange Potion	Install	Item.wz/Install/0399.img/03994184		install	PARITY_GAP	REQUIRED BY LIVE QUEST 10497 | required only by expired quest 10490(end 200912280000) | Korean 1049x winter-event block. The quests that need it carry no end date of their own but their block does - 10487/10490/10496 all end 200912280000 - and V84-QUEST-SWEEP retired 10491-10494 and 10497 on exactly that evidence. Switched-off event content.
3994185	Cassandra's Strange Slush	Install	Item.wz/Install/0399.img/03994185		install	PARITY_GAP	REQUIRED BY LIVE QUEST 10491,10492,10493,10494,10497 | Korean 1049x winter-event block. The quests that need it carry no end date of their own but their block does - 10487/10490/10496 all end 200912280000 - and V84-QUEST-SWEEP retired 10491-10494 and 10497 on exactly that evidence. Switched-off event content.
3994186	Mini Dragon Egg	Install	Item.wz/Install/0399.img/03994186		install	PARITY_GAP	required only by expired quest 10510(end 201005050000)
3994187	Mini Dragon	Install	Item.wz/Install/0399.img/03994187		install	PARITY_GAP	required only by expired quest 10510(end 201005050000)
4000566	Onyx Dragon Footprint	Etc	Item.wz/Etc/0400.img/04000566		etc	CONTAINER_ONLY	required only by expired quest 28351(end 201005050000) | container 2022662 | every container listed is itself unsourced
4000567	Adolescent Onyx Dragon Horn	Etc	Item.wz/Etc/0400.img/04000567		etc	CONTAINER_ONLY	required only by expired quest 28351(end 201005050000) | container 2022662 | every container listed is itself unsourced
4000568	Onyx Dragon Footprint	Etc	Item.wz/Etc/0400.img/04000568		etc	CONTAINER_ONLY	required only by expired quest 28351(end 201005050000) | container 2022662 | every container listed is itself unsourced
4000569	Onyx Dragon Scale	Etc	Item.wz/Etc/0400.img/04000569		etc	CONTAINER_ONLY	required only by expired quest 28351(end 201005050000) | container 2022662 | every container listed is itself unsourced
4000570	Onyx Dragon Footprint	Etc	Item.wz/Etc/0400.img/04000570		etc	CONTAINER_ONLY	required only by expired quest 28351(end 201005050000) | container 2022662 | every container listed is itself unsourced
4000571	Onyx Dragon Horn	Etc	Item.wz/Etc/0400.img/04000571		etc	CONTAINER_ONLY	required only by expired quest 28351(end 201005050000) | container 2022662 | every container listed is itself unsourced
4001395	크리스마스 양말선물	Etc	Item.wz/Etc/0400.img/04001395		etc	PARITY_GAP	
4001399	Balrog's Seal Stone	Etc	Item.wz/Etc/0400.img/04001399		etc	PARITY_GAP	
4001402	Dragon's Essence	Etc	Item.wz/Etc/0400.img/04001402		etc	PARITY_GAP	required only by expired quest 3758(end 2000010100)
4001435	Evan Sweat Droplet	Etc	Item.wz/Etc/0400.img/04001435		etc	PARITY_GAP	required only by expired quest 28355(end 2010050600),28356(end 2010050600),28357(end 2010050600),28358(end 2010050600),28359(end 2010050600),28360(end 2010050600)
4032527	Strange Pig	Etc	Item.wz/Etc/0403.img/04032527		etc	PARITY_GAP	
4032528	크리스마스 요정	Etc	Item.wz/Etc/0403.img/04032528		etc	PARITY_GAP	
4032529	빨간코 선물상자	Etc	Item.wz/Etc/0403.img/04032529		etc	PARITY_GAP	
4032530	Leviathan's Tear	Etc	Item.wz/Etc/0403.img/04032530		etc	PARITY_GAP	named for Leviathan but it is NOT a Leviathan drop: String.wz/Etc.img/4032530/desc reads literally "G-Star Clear", a G-Star 2009 convention giveaway, same family as 2430034 "G-star Reset Item". Do not put it on mob 9500382.
4032532	Thermal Fabric	Etc	Item.wz/Etc/0403.img/04032532		etc	PARITY_GAP	required only by expired quest 10496(end 200912280000)
4032533	Baby Onyx Dragon Horn	Etc	Item.wz/Etc/0403.img/04032533		etc	PARITY_GAP	required only by expired quest 10501(end 200912170000)
4032534	Onyx Dragon Footprint	Etc	Item.wz/Etc/0403.img/04032534		etc	PARITY_GAP	required only by expired quest 10502(end 200912170000)
4032535	Adolescent Onyx Dragon Horn	Etc	Item.wz/Etc/0403.img/04032535		etc	PARITY_GAP	required only by expired quest 10503(end 200912170000)
4032536	Onyx Dragon Footprint	Etc	Item.wz/Etc/0403.img/04032536		etc	PARITY_GAP	required only by expired quest 10504(end 200912170000)
4032537	Onyx Dragon Scale	Etc	Item.wz/Etc/0403.img/04032537		etc	PARITY_GAP	required only by expired quest 10505(end 200912170000)
4032538	Onyx Dragon Footprint	Etc	Item.wz/Etc/0403.img/04032538		etc	PARITY_GAP	required only by expired quest 10506(end 200912170000)
4032539	Onyx Dragon Horn	Etc	Item.wz/Etc/0403.img/04032539		etc	PARITY_GAP	required only by expired quest 10507(end 200912170000)
4032557	Shipwreck Treasure Chest	Etc	Item.wz/Etc/0403.img/04032557		etc	PARITY_GAP	
4032632	Baby Onyx Dragon Horn	Etc	Item.wz/Etc/0403.img/04032632	questreward(28351 end 201005050000 - all expired)	etc	PARITY_GAP	required only by expired quest 28351(end 201005050000)
4161052	Evan Guide	Etc	Item.wz/Etc/0416.img/04161052		etc	NO_SOURCE_IN_V84	only=1 + tradeBlock=1 + price=1: GM/test item, handed out by command, not by content
4310001	Gold Pick	Etc	Item.wz/Etc/0431.img/04310001		etc	CONTAINER_ONLY	container 2022657,2022658,2022659 | every container listed is itself unsourced
5000067	Weird Alien	Pet	Item.wz/Pet/5000067.img		pet	NO_SOURCE_IN_V84	info/cash=1 but NO row in Etc.wz/Commodity.img - v84 ships the art and lists no way to buy it | V84-OPEN-ITEMS already tracks this: 5240028 Dynamite (Commodity SN 10002346/47/60200078/79, OnSale=1) feeds this pet, and the pet itself has no Commodity row.
5030015	Homely Coffeehouse: 4 days	Cash	Item.wz/Cash/0503.img/05030015		cash	NO_SOURCE_IN_V84	info/cash=1 but NO row in Etc.wz/Commodity.img - v84 ships the art and lists no way to buy it
5200009	1 Million Maple Points Chip	Cash	Item.wz/Cash/0520.img/05200009		cash	NO_SOURCE_IN_V84	info/cash=1 but NO row in Etc.wz/Commodity.img - v84 ships the art and lists no way to buy it
5200010	10,000 Maple Points Chip	Cash	Item.wz/Cash/0520.img/05200010		cash	NO_SOURCE_IN_V84	info/cash=1 but NO row in Etc.wz/Commodity.img - v84 ships the art and lists no way to buy it
5370002	Chalkboard: 3 Days	Cash	Item.wz/Cash/0537.img/05370002		cash	NO_SOURCE_IN_V84	info/cash=1 but NO row in Etc.wz/Commodity.img - v84 ships the art and lists no way to buy it
5520001	Platinum Scissors of Karma	Cash	Item.wz/Cash/0552.img/05520001		cash	NO_SOURCE_IN_V84	info/cash=1 but NO row in Etc.wz/Commodity.img - v84 ships the art and lists no way to buy it
5530009	DS Box (Bronze)	Cash	Item.wz/Cash/0553.img/05530009		cash	NO_SOURCE_IN_V84	info/cash=1 but NO row in Etc.wz/Commodity.img - v84 ships the art and lists no way to buy it
5530010	DS Box (Silver)	Cash	Item.wz/Cash/0553.img/05530010		cash	NO_SOURCE_IN_V84	info/cash=1 but NO row in Etc.wz/Commodity.img - v84 ships the art and lists no way to buy it
5530011	DS Box (Gold)	Cash	Item.wz/Cash/0553.img/05530011		cash	NO_SOURCE_IN_V84	info/cash=1 but NO row in Etc.wz/Commodity.img - v84 ships the art and lists no way to buy it
5530012	DS Box (Diamond)	Cash	Item.wz/Cash/0553.img/05530012		cash	NO_SOURCE_IN_V84	info/cash=1 but NO row in Etc.wz/Commodity.img - v84 ships the art and lists no way to buy it
5530027	[Lv. 30] Circle-Winded Staff Trade Coupon	Cash	Item.wz/Cash/0553.img/05530027	cashshop(SN 50200184 OnSale=0)	cash	CASH_ONLY	Commodity.img row exists with OnSale=0 - v84 shipped it switched off but its SN 50200184 is inside a CashPackage.img package
5530028	[Lv. 45] Arc Staff Coupon	Cash	Item.wz/Cash/0553.img/05530028	cashshop(SN 50200183,50200185 OnSale=0)	cash	CASH_ONLY	Commodity.img row exists with OnSale=0 - v84 shipped it switched off but its SN 50200185 is inside a CashPackage.img package
5530029	Wand Magic Scroll 60% Coupon	Cash	Item.wz/Cash/0553.img/05530029	cashshop(SN 50200181 OnSale=0)	cash	CASH_ONLY	Commodity.img row exists with OnSale=0 - v84 shipped it switched off but its SN 50200181 is inside a CashPackage.img package
5530030	Staff Magic Scroll 60% Coupon	Cash	Item.wz/Cash/0553.img/05530030	cashshop(SN 50200182 OnSale=0)	cash	CASH_ONLY	Commodity.img row exists with OnSale=0 - v84 shipped it switched off but its SN 50200182 is inside a CashPackage.img package
5550001	Add Pendant Slots: 7 Days	Cash	Item.wz/Cash/0555.img/05550001		cash	NO_SOURCE_IN_V84	info/cash=1 but NO row in Etc.wz/Commodity.img - v84 ships the art and lists no way to buy it
5620006	Magic Guard Mastery Book	Cash	Item.wz/Cash/0562.img/05620006	cashshop(SN 50200173,50200174 OnSale=0)	cash	CASH_ONLY	Commodity.img row exists with OnSale=0 - v84 shipped it switched off but its SN 50200174 is inside a CashPackage.img package
5620007	Magic Booster Mastery Book	Cash	Item.wz/Cash/0562.img/05620007	cashshop(SN 50200175,50200176,50200177 OnSale=0)	cash	CASH_ONLY	Commodity.img row exists with OnSale=0 - v84 shipped it switched off but its SN 50200175,50200176,50200177 is inside a CashPackage.img package
5620008	Critical Magic Mastery Book	Cash	Item.wz/Cash/0562.img/05620008	cashshop(SN 50200178,50200179,50200180 OnSale=0)	cash	CASH_ONLY	Commodity.img row exists with OnSale=0 - v84 shipped it switched off but its SN 50200178,50200179,50200180 is inside a CashPackage.img package
